Tony Stark / Iron Man,lieutenant-colonel James « Rhodey » Rhodes
Tony Stark / Iron Man,Pepper Potts
Tony Stark / Iron Man,Pepper Potts
Tony Stark / Iron Man,Obadiah Stane / Iron Monger
Tony Stark / Iron Man,Ho Yinsen
Tony Stark / Iron Man,Harold « Happy » Hogan
Tony Stark / Iron Man,"Christine Everhart, journaliste à Vanity Fair"
Tony Stark / Iron Man,l'agent Phil Coulson du SHIELD
Tony Stark / Iron Man,Raza
Tony Stark / Iron Man,Abu Bakaar
Tony Stark / Iron Man,le général Gabriel
Tony Stark / Iron Man,William Ginter Riva
Tony Stark / Iron Man,major Allen
Tony Stark / Iron Man,Dubai beauty (non crédité)
Tony Stark / Iron Man,Howard Stark
Tony Stark / Iron Man,Pratt
Tony Stark / Iron Man,colonel Craig
Tony Stark / Iron Man,JARVIS (voix)
Tony Stark / Iron Man,Stan Lee
Tony Stark / Iron Man,"Nick Fury, directeur du SHIELD (non crédité, scène post-générique)"
Tony Stark / Iron Man,l'analyste
Tony Stark / Iron Man,Bruce Banner / Hulk
Tony Stark / Iron Man,Pepper Potts[5]
Tony Stark / Iron Man,Ivan Vanko / Whiplash
Tony Stark / Iron Man,le lieutenant-colonel James « Rhodey » Rhodes / War Machine[5]
Tony Stark / Iron Man,Natalie Rushman / Natasha Romanoff / Black Widow
Tony Stark / Iron Man,Justin Hammer[5]
Tony Stark / Iron Man,"Nick Fury, directeur du SHIELD[6]"
Tony Stark / Iron Man,"Phil Coulson, agent du SHIELD"
Tony Stark / Iron Man,"Phil Coulson, agent du SHIELD"
Tony Stark / Iron Man,Howard Stark[7]
Tony Stark / Iron Man,Happy Hogan
Tony Stark / Iron Man,J.A.R.V.I.S (voix)
Tony Stark / Iron Man,un US Marshal
Tony Stark / Iron Man,Christine Everhart
Tony Stark / Iron Man,le sénateur Stern
Tony Stark / Iron Man,Christiane Amanpour
Tony Stark / Iron Man,l'inspecteur Lemieux
Tony Stark / Iron Man,le major Allen
Tony Stark / Iron Man,Larry Ellison
Tony Stark / Iron Man,DJ AM
Tony Stark / Iron Man,le général Meade
Tony Stark / Iron Man,Anton Vanko
Tony Stark / Iron Man,un journaliste confondu avec Larry King (caméo)
Tony Stark / Iron Man,Rebecca
Tony Stark / Iron Man,Rebeka
Tony Stark / Iron Man,Bambi Arbogast
Tony Stark / Iron Man,Chess Roberts
Tony Stark / Iron Man,Elon Musk
Tony Stark / Iron Man,Tony Stark jeune
Tony Stark / Iron Man,Jack
Tony Stark / Iron Man,Peter Parker (petit garçon avec le masque d'Iron-Man)
Tony Stark / Iron Man,Dubbing Brothers[8]
Tony Stark / Iron Man,Michel Derain
Tony Stark / Iron Man,Philippe Videcoq
Tony Stark / Iron Man,Philippe Videcoq
Tony Stark / Iron Man,Steve Rogers / Captain America
Tony Stark / Iron Man,"Nick Fury, directeur du SHIELD"
Tony Stark / Iron Man,Thor
Tony Stark / Iron Man,Natasha Romanoff / Black Widow
Tony Stark / Iron Man,Clint Barton / Hawkeye
Tony Stark / Iron Man,Loki
Tony Stark / Iron Man,"Maria Hill, agent du SHIELD"
Tony Stark / Iron Man,Dr Erik Selvig
Tony Stark / Iron Man,Hulk (voix originale)
Tony Stark / Iron Man,une membre du Conseil de sécurité mondiale
Tony Stark / Iron Man,Georgi Luchkov
Tony Stark / Iron Man,l'Autre
Tony Stark / Iron Man,le gardien du hangar détruit
Tony Stark / Iron Man,"JARVIS, l'ordinateur-assistant de Tony Stark (voix)"
Tony Stark / Iron Man,l'agent Jasper Sitwell
Tony Stark / Iron Man,"Gideon Malick, un membre du Conseil de sécurité mondiale"
Tony Stark / Iron Man,Beth
Tony Stark / Iron Man,un homme critiquant les Avengers en interview (caméo)
Tony Stark / Iron Man,"Thanos (caméo, scène inter-générique)"
Tony Stark / Iron Man,"Jane Foster (caméo photographique, non créditée)"
Tony Stark / Iron Man,"Crâne rouge (flashback, non crédité)"
Tony Stark / Iron Man,"Peggy Carter (voix, non créditée)"
Tony Stark / Iron Man,un agent du S.H.I.E.L.D.
Tony Stark / Iron Man,Dubbing Brothers[1]
Tony Stark / Iron Man,Hervé Bellon
lieutenant-colonel James « Rhodey » Rhodes,Pepper Potts
lieutenant-colonel James « Rhodey » Rhodes,Obadiah Stane / Iron Monger
lieutenant-colonel James « Rhodey » Rhodes,Ho Yinsen
lieutenant-colonel James « Rhodey » Rhodes,Harold « Happy » Hogan
lieutenant-colonel James « Rhodey » Rhodes,"Christine Everhart, journaliste à Vanity Fair"
lieutenant-colonel James « Rhodey » Rhodes,l'agent Phil Coulson du SHIELD
lieutenant-colonel James « Rhodey » Rhodes,Raza
lieutenant-colonel James « Rhodey » Rhodes,Abu Bakaar
lieutenant-colonel James « Rhodey » Rhodes,le général Gabriel
lieutenant-colonel James « Rhodey » Rhodes,William Ginter Riva
lieutenant-colonel James « Rhodey » Rhodes,major Allen
lieutenant-colonel James « Rhodey » Rhodes,Dubai beauty (non crédité)
lieutenant-colonel James « Rhodey » Rhodes,Howard Stark
lieutenant-colonel James « Rhodey » Rhodes,Pratt
lieutenant-colonel James « Rhodey » Rhodes,colonel Craig
lieutenant-colonel James « Rhodey » Rhodes,JARVIS (voix)
lieutenant-colonel James « Rhodey » Rhodes,Stan Lee
lieutenant-colonel James « Rhodey » Rhodes,"Nick Fury, directeur du SHIELD (non crédité, scène post-générique)"
lieutenant-colonel James « Rhodey » Rhodes,l'analyste
Pepper Potts,Obadiah Stane / Iron Monger
Pepper Potts,Ho Yinsen
Pepper Potts,Harold « Happy » Hogan
Pepper Potts,"Christine Everhart, journaliste à Vanity Fair"
Pepper Potts,l'agent Phil Coulson du SHIELD
Pepper Potts,Raza
Pepper Potts,Abu Bakaar
Pepper Potts,le général Gabriel
Pepper Potts,William Ginter Riva
Pepper Potts,major Allen
Pepper Potts,Dubai beauty (non crédité)
Pepper Potts,Howard Stark
Pepper Potts,Pratt
Pepper Potts,colonel Craig
Pepper Potts,JARVIS (voix)
Pepper Potts,Stan Lee
Pepper Potts,"Nick Fury, directeur du SHIELD (non crédité, scène post-générique)"
Pepper Potts,l'analyste
Pepper Potts,Bruce Banner / Hulk
Pepper Potts,"Phil Coulson, agent du SHIELD"
Pepper Potts,Philippe Videcoq
Pepper Potts,Steve Rogers / Captain America
Pepper Potts,"Nick Fury, directeur du SHIELD"
Pepper Potts,Thor
Pepper Potts,Natasha Romanoff / Black Widow
Pepper Potts,Clint Barton / Hawkeye
Pepper Potts,Loki
Pepper Potts,"Maria Hill, agent du SHIELD"
Pepper Potts,Dr Erik Selvig
Pepper Potts,Hulk (voix originale)
Pepper Potts,une membre du Conseil de sécurité mondiale
Pepper Potts,Georgi Luchkov
Pepper Potts,l'Autre
Pepper Potts,le gardien du hangar détruit
Pepper Potts,"JARVIS, l'ordinateur-assistant de Tony Stark (voix)"
Pepper Potts,l'agent Jasper Sitwell
Pepper Potts,"Gideon Malick, un membre du Conseil de sécurité mondiale"
Pepper Potts,Beth
Pepper Potts,un homme critiquant les Avengers en interview (caméo)
Pepper Potts,"Thanos (caméo, scène inter-générique)"
Pepper Potts,"Jane Foster (caméo photographique, non créditée)"
Pepper Potts,"Crâne rouge (flashback, non crédité)"
Pepper Potts,"Peggy Carter (voix, non créditée)"
Pepper Potts,un agent du S.H.I.E.L.D.
Pepper Potts,Dubbing Brothers[1]
Pepper Potts,Hervé Bellon
Obadiah Stane / Iron Monger,Ho Yinsen
Obadiah Stane / Iron Monger,Harold « Happy » Hogan
Obadiah Stane / Iron Monger,"Christine Everhart, journaliste à Vanity Fair"
Obadiah Stane / Iron Monger,l'agent Phil Coulson du SHIELD
Obadiah Stane / Iron Monger,Raza
Obadiah Stane / Iron Monger,Abu Bakaar
Obadiah Stane / Iron Monger,le général Gabriel
Obadiah Stane / Iron Monger,William Ginter Riva
Obadiah Stane / Iron Monger,major Allen
Obadiah Stane / Iron Monger,Dubai beauty (non crédité)
Obadiah Stane / Iron Monger,Howard Stark
Obadiah Stane / Iron Monger,Pratt
Obadiah Stane / Iron Monger,colonel Craig
Obadiah Stane / Iron Monger,JARVIS (voix)
Obadiah Stane / Iron Monger,Stan Lee
Obadiah Stane / Iron Monger,"Nick Fury, directeur du SHIELD (non crédité, scène post-générique)"
Obadiah Stane / Iron Monger,l'analyste
Ho Yinsen,Harold « Happy » Hogan
Ho Yinsen,"Christine Everhart, journaliste à Vanity Fair"
Ho Yinsen,l'agent Phil Coulson du SHIELD
Ho Yinsen,Raza
Ho Yinsen,Abu Bakaar
Ho Yinsen,le général Gabriel
Ho Yinsen,William Ginter Riva
Ho Yinsen,major Allen
Ho Yinsen,Dubai beauty (non crédité)
Ho Yinsen,Howard Stark
Ho Yinsen,Pratt
Ho Yinsen,colonel Craig
Ho Yinsen,JARVIS (voix)
Ho Yinsen,Stan Lee
Ho Yinsen,"Nick Fury, directeur du SHIELD (non crédité, scène post-générique)"
Ho Yinsen,l'analyste
Harold « Happy » Hogan,"Christine Everhart, journaliste à Vanity Fair"
Harold « Happy » Hogan,l'agent Phil Coulson du SHIELD
Harold « Happy » Hogan,Raza
Harold « Happy » Hogan,Abu Bakaar
Harold « Happy » Hogan,le général Gabriel
Harold « Happy » Hogan,William Ginter Riva
Harold « Happy » Hogan,major Allen
Harold « Happy » Hogan,Dubai beauty (non crédité)
Harold « Happy » Hogan,Howard Stark
Harold « Happy » Hogan,Pratt
Harold « Happy » Hogan,colonel Craig
Harold « Happy » Hogan,JARVIS (voix)
Harold « Happy » Hogan,Stan Lee
Harold « Happy » Hogan,"Nick Fury, directeur du SHIELD (non crédité, scène post-générique)"
Harold « Happy » Hogan,l'analyste
"Christine Everhart, journaliste à Vanity Fair",l'agent Phil Coulson du SHIELD
"Christine Everhart, journaliste à Vanity Fair",Raza
"Christine Everhart, journaliste à Vanity Fair",Abu Bakaar
"Christine Everhart, journaliste à Vanity Fair",le général Gabriel
"Christine Everhart, journaliste à Vanity Fair",William Ginter Riva
"Christine Everhart, journaliste à Vanity Fair",major Allen
"Christine Everhart, journaliste à Vanity Fair",Dubai beauty (non crédité)
"Christine Everhart, journaliste à Vanity Fair",Howard Stark
"Christine Everhart, journaliste à Vanity Fair",Pratt
"Christine Everhart, journaliste à Vanity Fair",colonel Craig
"Christine Everhart, journaliste à Vanity Fair",JARVIS (voix)
"Christine Everhart, journaliste à Vanity Fair",Stan Lee
"Christine Everhart, journaliste à Vanity Fair","Nick Fury, directeur du SHIELD (non crédité, scène post-générique)"
"Christine Everhart, journaliste à Vanity Fair",l'analyste
l'agent Phil Coulson du SHIELD,Raza
l'agent Phil Coulson du SHIELD,Abu Bakaar
l'agent Phil Coulson du SHIELD,le général Gabriel
l'agent Phil Coulson du SHIELD,William Ginter Riva
l'agent Phil Coulson du SHIELD,major Allen
l'agent Phil Coulson du SHIELD,Dubai beauty (non crédité)
l'agent Phil Coulson du SHIELD,Howard Stark
l'agent Phil Coulson du SHIELD,Pratt
l'agent Phil Coulson du SHIELD,colonel Craig
l'agent Phil Coulson du SHIELD,JARVIS (voix)
l'agent Phil Coulson du SHIELD,Stan Lee
l'agent Phil Coulson du SHIELD,"Nick Fury, directeur du SHIELD (non crédité, scène post-générique)"
l'agent Phil Coulson du SHIELD,l'analyste
Raza,Abu Bakaar
Raza,le général Gabriel
Raza,William Ginter Riva
Raza,major Allen
Raza,Dubai beauty (non crédité)
Raza,Howard Stark
Raza,Pratt
Raza,colonel Craig
Raza,JARVIS (voix)
Raza,Stan Lee
Raza,"Nick Fury, directeur du SHIELD (non crédité, scène post-générique)"
Raza,l'analyste
Abu Bakaar,le général Gabriel
Abu Bakaar,William Ginter Riva
Abu Bakaar,major Allen
Abu Bakaar,Dubai beauty (non crédité)
Abu Bakaar,Howard Stark
Abu Bakaar,Pratt
Abu Bakaar,colonel Craig
Abu Bakaar,JARVIS (voix)
Abu Bakaar,Stan Lee
Abu Bakaar,"Nick Fury, directeur du SHIELD (non crédité, scène post-générique)"
Abu Bakaar,l'analyste
le général Gabriel,William Ginter Riva
le général Gabriel,major Allen
le général Gabriel,Dubai beauty (non crédité)
le général Gabriel,Howard Stark
le général Gabriel,Pratt
le général Gabriel,colonel Craig
le général Gabriel,JARVIS (voix)
le général Gabriel,Stan Lee
le général Gabriel,"Nick Fury, directeur du SHIELD (non crédité, scène post-générique)"
le général Gabriel,l'analyste
William Ginter Riva,major Allen
William Ginter Riva,Dubai beauty (non crédité)
William Ginter Riva,Howard Stark
William Ginter Riva,Pratt
William Ginter Riva,colonel Craig
William Ginter Riva,JARVIS (voix)
William Ginter Riva,Stan Lee
William Ginter Riva,"Nick Fury, directeur du SHIELD (non crédité, scène post-générique)"
William Ginter Riva,l'analyste
major Allen,Dubai beauty (non crédité)
major Allen,Howard Stark
major Allen,Pratt
major Allen,colonel Craig
major Allen,JARVIS (voix)
major Allen,Stan Lee
major Allen,"Nick Fury, directeur du SHIELD (non crédité, scène post-générique)"
major Allen,l'analyste
Dubai beauty (non crédité),Howard Stark
Dubai beauty (non crédité),Pratt
Dubai beauty (non crédité),colonel Craig
Dubai beauty (non crédité),JARVIS (voix)
Dubai beauty (non crédité),Stan Lee
Dubai beauty (non crédité),"Nick Fury, directeur du SHIELD (non crédité, scène post-générique)"
Dubai beauty (non crédité),l'analyste
Howard Stark,Pratt
Howard Stark,colonel Craig
Howard Stark,JARVIS (voix)
Howard Stark,Stan Lee
Howard Stark,"Nick Fury, directeur du SHIELD (non crédité, scène post-générique)"
Howard Stark,l'analyste
Howard Stark,Steve Rogers / Captain America
Howard Stark,Peggy Carter
Howard Stark,Johann Schmidt / Crâne rouge
Howard Stark,James « Bucky » Barnes
Howard Stark,le colonel Chester Phillips
Howard Stark,Dr Abraham Erskine
Howard Stark,Dr Arnim Zola
Howard Stark,Heinz Kruger
Howard Stark,Timothy « Dum Dum » Dugan
Howard Stark,Gabe Jones
Howard Stark,Jim Morita
Howard Stark,James Montgomery Falsworth
Howard Stark,Jacques Dernier
Howard Stark,"Nick Fury, directeur du SHIELD"
Howard Stark,Sénateur Brandt
Howard Stark,Roeder
Howard Stark,Hutter
Howard Stark,Schneider
Howard Stark,l'assistant du sénateur Brandt
Howard Stark,un agent du SHIELD
Howard Stark,la chasseuse d'autographe
Howard Stark,Lorraine
Howard Stark,un général (caméo)
Howard Stark,Connie
Howard Stark,Steve Rogers (doublure pour les scènes où Steve est encore maigre[5])
Pratt,colonel Craig
Pratt,JARVIS (voix)
Pratt,Stan Lee
Pratt,"Nick Fury, directeur du SHIELD (non crédité, scène post-générique)"
Pratt,l'analyste
colonel Craig,JARVIS (voix)
colonel Craig,Stan Lee
colonel Craig,"Nick Fury, directeur du SHIELD (non crédité, scène post-générique)"
colonel Craig,l'analyste
JARVIS (voix),Stan Lee
JARVIS (voix),"Nick Fury, directeur du SHIELD (non crédité, scène post-générique)"
JARVIS (voix),l'analyste
Stan Lee,"Nick Fury, directeur du SHIELD (non crédité, scène post-générique)"
Stan Lee,l'analyste
"Nick Fury, directeur du SHIELD (non crédité, scène post-générique)",l'analyste
Bruce Banner / Hulk,le lieutenant général Thaddeus « Thunderbolt » Ross
Bruce Banner / Hulk,Elizabeth « Betty » Ross
Bruce Banner / Hulk,le capitaine Emil Blonsky / l'Abomination
Bruce Banner / Hulk,Samuel Sterns
Bruce Banner / Hulk,Leonard « Doc » Samson
Bruce Banner / Hulk,la major Kathleen « Kat » Sparr
Bruce Banner / Hulk,le général Joe Greller
Bruce Banner / Hulk,Stanley
Bruce Banner / Hulk,Martina
Bruce Banner / Hulk,Hulk (voix en VO) / l'agent de sécurité de l'université où travaille Betty (caméo)
Bruce Banner / Hulk,l'homme âgé qui boit le soda contaminé par le sang de Bruce Banner (caméo)
Bruce Banner / Hulk,le professeur de sport de Banner (caméo)
Bruce Banner / Hulk,un soldat
Bruce Banner / Hulk,Tony Stark / Iron Man (non crédité)
Bruce Banner / Hulk,"Phil Coulson, agent du SHIELD"
Bruce Banner / Hulk,Philippe Videcoq
Bruce Banner / Hulk,Steve Rogers / Captain America
Bruce Banner / Hulk,"Nick Fury, directeur du SHIELD"
Bruce Banner / Hulk,Thor
Bruce Banner / Hulk,Natasha Romanoff / Black Widow
Bruce Banner / Hulk,Clint Barton / Hawkeye
Bruce Banner / Hulk,Loki
Bruce Banner / Hulk,"Maria Hill, agent du SHIELD"
Bruce Banner / Hulk,Dr Erik Selvig
Bruce Banner / Hulk,Hulk (voix originale)
Bruce Banner / Hulk,une membre du Conseil de sécurité mondiale
Bruce Banner / Hulk,Georgi Luchkov
Bruce Banner / Hulk,l'Autre
Bruce Banner / Hulk,le gardien du hangar détruit
Bruce Banner / Hulk,"JARVIS, l'ordinateur-assistant de Tony Stark (voix)"
Bruce Banner / Hulk,l'agent Jasper Sitwell
Bruce Banner / Hulk,"Gideon Malick, un membre du Conseil de sécurité mondiale"
Bruce Banner / Hulk,Beth
Bruce Banner / Hulk,un homme critiquant les Avengers en interview (caméo)
Bruce Banner / Hulk,"Thanos (caméo, scène inter-générique)"
Bruce Banner / Hulk,"Jane Foster (caméo photographique, non créditée)"
Bruce Banner / Hulk,"Crâne rouge (flashback, non crédité)"
Bruce Banner / Hulk,"Peggy Carter (voix, non créditée)"
Bruce Banner / Hulk,un agent du S.H.I.E.L.D.
Bruce Banner / Hulk,Dubbing Brothers[1]
Bruce Banner / Hulk,Hervé Bellon
le lieutenant général Thaddeus « Thunderbolt » Ross,Elizabeth « Betty » Ross
le lieutenant général Thaddeus « Thunderbolt » Ross,le capitaine Emil Blonsky / l'Abomination
le lieutenant général Thaddeus « Thunderbolt » Ross,Samuel Sterns
le lieutenant général Thaddeus « Thunderbolt » Ross,Leonard « Doc » Samson
le lieutenant général Thaddeus « Thunderbolt » Ross,la major Kathleen « Kat » Sparr
le lieutenant général Thaddeus « Thunderbolt » Ross,le général Joe Greller
le lieutenant général Thaddeus « Thunderbolt » Ross,Stanley
le lieutenant général Thaddeus « Thunderbolt » Ross,Martina
le lieutenant général Thaddeus « Thunderbolt » Ross,Hulk (voix en VO) / l'agent de sécurité de l'université où travaille Betty (caméo)
le lieutenant général Thaddeus « Thunderbolt » Ross,l'homme âgé qui boit le soda contaminé par le sang de Bruce Banner (caméo)
le lieutenant général Thaddeus « Thunderbolt » Ross,le professeur de sport de Banner (caméo)
le lieutenant général Thaddeus « Thunderbolt » Ross,un soldat
le lieutenant général Thaddeus « Thunderbolt » Ross,Tony Stark / Iron Man (non crédité)
Elizabeth « Betty » Ross,le capitaine Emil Blonsky / l'Abomination
Elizabeth « Betty » Ross,Samuel Sterns
Elizabeth « Betty » Ross,Leonard « Doc » Samson
Elizabeth « Betty » Ross,la major Kathleen « Kat » Sparr
Elizabeth « Betty » Ross,le général Joe Greller
Elizabeth « Betty » Ross,Stanley
Elizabeth « Betty » Ross,Martina
Elizabeth « Betty » Ross,Hulk (voix en VO) / l'agent de sécurité de l'université où travaille Betty (caméo)
Elizabeth « Betty » Ross,l'homme âgé qui boit le soda contaminé par le sang de Bruce Banner (caméo)
Elizabeth « Betty » Ross,le professeur de sport de Banner (caméo)
Elizabeth « Betty » Ross,un soldat
Elizabeth « Betty » Ross,Tony Stark / Iron Man (non crédité)
le capitaine Emil Blonsky / l'Abomination,Samuel Sterns
le capitaine Emil Blonsky / l'Abomination,Leonard « Doc » Samson
le capitaine Emil Blonsky / l'Abomination,la major Kathleen « Kat » Sparr
le capitaine Emil Blonsky / l'Abomination,le général Joe Greller
le capitaine Emil Blonsky / l'Abomination,Stanley
le capitaine Emil Blonsky / l'Abomination,Martina
le capitaine Emil Blonsky / l'Abomination,Hulk (voix en VO) / l'agent de sécurité de l'université où travaille Betty (caméo)
le capitaine Emil Blonsky / l'Abomination,l'homme âgé qui boit le soda contaminé par le sang de Bruce Banner (caméo)
le capitaine Emil Blonsky / l'Abomination,le professeur de sport de Banner (caméo)
le capitaine Emil Blonsky / l'Abomination,un soldat
le capitaine Emil Blonsky / l'Abomination,Tony Stark / Iron Man (non crédité)
Samuel Sterns,Leonard « Doc » Samson
Samuel Sterns,la major Kathleen « Kat » Sparr
Samuel Sterns,le général Joe Greller
Samuel Sterns,Stanley
Samuel Sterns,Martina
Samuel Sterns,Hulk (voix en VO) / l'agent de sécurité de l'université où travaille Betty (caméo)
Samuel Sterns,l'homme âgé qui boit le soda contaminé par le sang de Bruce Banner (caméo)
Samuel Sterns,le professeur de sport de Banner (caméo)
Samuel Sterns,un soldat
Samuel Sterns,Tony Stark / Iron Man (non crédité)
Leonard « Doc » Samson,la major Kathleen « Kat » Sparr
Leonard « Doc » Samson,le général Joe Greller
Leonard « Doc » Samson,Stanley
Leonard « Doc » Samson,Martina
Leonard « Doc » Samson,Hulk (voix en VO) / l'agent de sécurité de l'université où travaille Betty (caméo)
Leonard « Doc » Samson,l'homme âgé qui boit le soda contaminé par le sang de Bruce Banner (caméo)
Leonard « Doc » Samson,le professeur de sport de Banner (caméo)
Leonard « Doc » Samson,un soldat
Leonard « Doc » Samson,Tony Stark / Iron Man (non crédité)
la major Kathleen « Kat » Sparr,le général Joe Greller
la major Kathleen « Kat » Sparr,Stanley
la major Kathleen « Kat » Sparr,Martina
la major Kathleen « Kat » Sparr,Hulk (voix en VO) / l'agent de sécurité de l'université où travaille Betty (caméo)
la major Kathleen « Kat » Sparr,l'homme âgé qui boit le soda contaminé par le sang de Bruce Banner (caméo)
la major Kathleen « Kat » Sparr,le professeur de sport de Banner (caméo)
la major Kathleen « Kat » Sparr,un soldat
la major Kathleen « Kat » Sparr,Tony Stark / Iron Man (non crédité)
le général Joe Greller,Stanley
le général Joe Greller,Martina
le général Joe Greller,Hulk (voix en VO) / l'agent de sécurité de l'université où travaille Betty (caméo)
le général Joe Greller,l'homme âgé qui boit le soda contaminé par le sang de Bruce Banner (caméo)
le général Joe Greller,le professeur de sport de Banner (caméo)
le général Joe Greller,un soldat
le général Joe Greller,Tony Stark / Iron Man (non crédité)
Stanley,Martina
Stanley,Hulk (voix en VO) / l'agent de sécurité de l'université où travaille Betty (caméo)
Stanley,l'homme âgé qui boit le soda contaminé par le sang de Bruce Banner (caméo)
Stanley,le professeur de sport de Banner (caméo)
Stanley,un soldat
Stanley,Tony Stark / Iron Man (non crédité)
Martina,Hulk (voix en VO) / l'agent de sécurité de l'université où travaille Betty (caméo)
Martina,l'homme âgé qui boit le soda contaminé par le sang de Bruce Banner (caméo)
Martina,le professeur de sport de Banner (caméo)
Martina,un soldat
Martina,Tony Stark / Iron Man (non crédité)
Hulk (voix en VO) / l'agent de sécurité de l'université où travaille Betty (caméo),l'homme âgé qui boit le soda contaminé par le sang de Bruce Banner (caméo)
Hulk (voix en VO) / l'agent de sécurité de l'université où travaille Betty (caméo),le professeur de sport de Banner (caméo)
Hulk (voix en VO) / l'agent de sécurité de l'université où travaille Betty (caméo),un soldat
Hulk (voix en VO) / l'agent de sécurité de l'université où travaille Betty (caméo),Tony Stark / Iron Man (non crédité)
l'homme âgé qui boit le soda contaminé par le sang de Bruce Banner (caméo),le professeur de sport de Banner (caméo)
l'homme âgé qui boit le soda contaminé par le sang de Bruce Banner (caméo),un soldat
l'homme âgé qui boit le soda contaminé par le sang de Bruce Banner (caméo),Tony Stark / Iron Man (non crédité)
le professeur de sport de Banner (caméo),un soldat
le professeur de sport de Banner (caméo),Tony Stark / Iron Man (non crédité)
un soldat,Tony Stark / Iron Man (non crédité)
Pepper Potts[5],Ivan Vanko / Whiplash
Pepper Potts[5],le lieutenant-colonel James « Rhodey » Rhodes / War Machine[5]
Pepper Potts[5],Natalie Rushman / Natasha Romanoff / Black Widow
Pepper Potts[5],Justin Hammer[5]
Pepper Potts[5],"Nick Fury, directeur du SHIELD[6]"
Pepper Potts[5],"Phil Coulson, agent du SHIELD"
Pepper Potts[5],Howard Stark[7]
Pepper Potts[5],Happy Hogan
Pepper Potts[5],J.A.R.V.I.S (voix)
Pepper Potts[5],un US Marshal
Pepper Potts[5],Christine Everhart
Pepper Potts[5],le sénateur Stern
Pepper Potts[5],Christiane Amanpour
Pepper Potts[5],l'inspecteur Lemieux
Pepper Potts[5],le major Allen
Pepper Potts[5],Larry Ellison
Pepper Potts[5],DJ AM
Pepper Potts[5],le général Meade
Pepper Potts[5],Anton Vanko
Pepper Potts[5],un journaliste confondu avec Larry King (caméo)
Pepper Potts[5],Rebecca
Pepper Potts[5],Rebeka
Pepper Potts[5],Bambi Arbogast
Pepper Potts[5],Chess Roberts
Pepper Potts[5],Elon Musk
Pepper Potts[5],Tony Stark jeune
Pepper Potts[5],Jack
Pepper Potts[5],Peter Parker (petit garçon avec le masque d'Iron-Man)
Pepper Potts[5],Dubbing Brothers[8]
Pepper Potts[5],Michel Derain
Pepper Potts[5],Philippe Videcoq
Ivan Vanko / Whiplash,le lieutenant-colonel James « Rhodey » Rhodes / War Machine[5]
Ivan Vanko / Whiplash,Natalie Rushman / Natasha Romanoff / Black Widow
Ivan Vanko / Whiplash,Justin Hammer[5]
Ivan Vanko / Whiplash,"Nick Fury, directeur du SHIELD[6]"
Ivan Vanko / Whiplash,"Phil Coulson, agent du SHIELD"
Ivan Vanko / Whiplash,Howard Stark[7]
Ivan Vanko / Whiplash,Happy Hogan
Ivan Vanko / Whiplash,J.A.R.V.I.S (voix)
Ivan Vanko / Whiplash,un US Marshal
Ivan Vanko / Whiplash,Christine Everhart
Ivan Vanko / Whiplash,le sénateur Stern
Ivan Vanko / Whiplash,Christiane Amanpour
Ivan Vanko / Whiplash,l'inspecteur Lemieux
Ivan Vanko / Whiplash,le major Allen
Ivan Vanko / Whiplash,Larry Ellison
Ivan Vanko / Whiplash,DJ AM
Ivan Vanko / Whiplash,le général Meade
Ivan Vanko / Whiplash,Anton Vanko
Ivan Vanko / Whiplash,un journaliste confondu avec Larry King (caméo)
Ivan Vanko / Whiplash,Rebecca
Ivan Vanko / Whiplash,Rebeka
Ivan Vanko / Whiplash,Bambi Arbogast
Ivan Vanko / Whiplash,Chess Roberts
Ivan Vanko / Whiplash,Elon Musk
Ivan Vanko / Whiplash,Tony Stark jeune
Ivan Vanko / Whiplash,Jack
Ivan Vanko / Whiplash,Peter Parker (petit garçon avec le masque d'Iron-Man)
Ivan Vanko / Whiplash,Dubbing Brothers[8]
Ivan Vanko / Whiplash,Michel Derain
Ivan Vanko / Whiplash,Philippe Videcoq
le lieutenant-colonel James « Rhodey » Rhodes / War Machine[5],Natalie Rushman / Natasha Romanoff / Black Widow
le lieutenant-colonel James « Rhodey » Rhodes / War Machine[5],Justin Hammer[5]
le lieutenant-colonel James « Rhodey » Rhodes / War Machine[5],"Nick Fury, directeur du SHIELD[6]"
le lieutenant-colonel James « Rhodey » Rhodes / War Machine[5],"Phil Coulson, agent du SHIELD"
le lieutenant-colonel James « Rhodey » Rhodes / War Machine[5],Howard Stark[7]
le lieutenant-colonel James « Rhodey » Rhodes / War Machine[5],Happy Hogan
le lieutenant-colonel James « Rhodey » Rhodes / War Machine[5],J.A.R.V.I.S (voix)
le lieutenant-colonel James « Rhodey » Rhodes / War Machine[5],un US Marshal
le lieutenant-colonel James « Rhodey » Rhodes / War Machine[5],Christine Everhart
le lieutenant-colonel James « Rhodey » Rhodes / War Machine[5],le sénateur Stern
le lieutenant-colonel James « Rhodey » Rhodes / War Machine[5],Christiane Amanpour
le lieutenant-colonel James « Rhodey » Rhodes / War Machine[5],l'inspecteur Lemieux
le lieutenant-colonel James « Rhodey » Rhodes / War Machine[5],le major Allen
le lieutenant-colonel James « Rhodey » Rhodes / War Machine[5],Larry Ellison
le lieutenant-colonel James « Rhodey » Rhodes / War Machine[5],DJ AM
le lieutenant-colonel James « Rhodey » Rhodes / War Machine[5],le général Meade
le lieutenant-colonel James « Rhodey » Rhodes / War Machine[5],Anton Vanko
le lieutenant-colonel James « Rhodey » Rhodes / War Machine[5],un journaliste confondu avec Larry King (caméo)
le lieutenant-colonel James « Rhodey » Rhodes / War Machine[5],Rebecca
le lieutenant-colonel James « Rhodey » Rhodes / War Machine[5],Rebeka
le lieutenant-colonel James « Rhodey » Rhodes / War Machine[5],Bambi Arbogast
le lieutenant-colonel James « Rhodey » Rhodes / War Machine[5],Chess Roberts
le lieutenant-colonel James « Rhodey » Rhodes / War Machine[5],Elon Musk
le lieutenant-colonel James « Rhodey » Rhodes / War Machine[5],Tony Stark jeune
le lieutenant-colonel James « Rhodey » Rhodes / War Machine[5],Jack
le lieutenant-colonel James « Rhodey » Rhodes / War Machine[5],Peter Parker (petit garçon avec le masque d'Iron-Man)
le lieutenant-colonel James « Rhodey » Rhodes / War Machine[5],Dubbing Brothers[8]
le lieutenant-colonel James « Rhodey » Rhodes / War Machine[5],Michel Derain
le lieutenant-colonel James « Rhodey » Rhodes / War Machine[5],Philippe Videcoq
Natalie Rushman / Natasha Romanoff / Black Widow,Justin Hammer[5]
Natalie Rushman / Natasha Romanoff / Black Widow,"Nick Fury, directeur du SHIELD[6]"
Natalie Rushman / Natasha Romanoff / Black Widow,"Phil Coulson, agent du SHIELD"
Natalie Rushman / Natasha Romanoff / Black Widow,Howard Stark[7]
Natalie Rushman / Natasha Romanoff / Black Widow,Happy Hogan
Natalie Rushman / Natasha Romanoff / Black Widow,J.A.R.V.I.S (voix)
Natalie Rushman / Natasha Romanoff / Black Widow,un US Marshal
Natalie Rushman / Natasha Romanoff / Black Widow,Christine Everhart
Natalie Rushman / Natasha Romanoff / Black Widow,le sénateur Stern
Natalie Rushman / Natasha Romanoff / Black Widow,Christiane Amanpour
Natalie Rushman / Natasha Romanoff / Black Widow,l'inspecteur Lemieux
Natalie Rushman / Natasha Romanoff / Black Widow,le major Allen
Natalie Rushman / Natasha Romanoff / Black Widow,Larry Ellison
Natalie Rushman / Natasha Romanoff / Black Widow,DJ AM
Natalie Rushman / Natasha Romanoff / Black Widow,le général Meade
Natalie Rushman / Natasha Romanoff / Black Widow,Anton Vanko
Natalie Rushman / Natasha Romanoff / Black Widow,un journaliste confondu avec Larry King (caméo)
Natalie Rushman / Natasha Romanoff / Black Widow,Rebecca
Natalie Rushman / Natasha Romanoff / Black Widow,Rebeka
Natalie Rushman / Natasha Romanoff / Black Widow,Bambi Arbogast
Natalie Rushman / Natasha Romanoff / Black Widow,Chess Roberts
Natalie Rushman / Natasha Romanoff / Black Widow,Elon Musk
Natalie Rushman / Natasha Romanoff / Black Widow,Tony Stark jeune
Natalie Rushman / Natasha Romanoff / Black Widow,Jack
Natalie Rushman / Natasha Romanoff / Black Widow,Peter Parker (petit garçon avec le masque d'Iron-Man)
Natalie Rushman / Natasha Romanoff / Black Widow,Dubbing Brothers[8]
Natalie Rushman / Natasha Romanoff / Black Widow,Michel Derain
Natalie Rushman / Natasha Romanoff / Black Widow,Philippe Videcoq
Justin Hammer[5],"Nick Fury, directeur du SHIELD[6]"
Justin Hammer[5],"Phil Coulson, agent du SHIELD"
Justin Hammer[5],Howard Stark[7]
Justin Hammer[5],Happy Hogan
Justin Hammer[5],J.A.R.V.I.S (voix)
Justin Hammer[5],un US Marshal
Justin Hammer[5],Christine Everhart
Justin Hammer[5],le sénateur Stern
Justin Hammer[5],Christiane Amanpour
Justin Hammer[5],l'inspecteur Lemieux
Justin Hammer[5],le major Allen
Justin Hammer[5],Larry Ellison
Justin Hammer[5],DJ AM
Justin Hammer[5],le général Meade
Justin Hammer[5],Anton Vanko
Justin Hammer[5],un journaliste confondu avec Larry King (caméo)
Justin Hammer[5],Rebecca
Justin Hammer[5],Rebeka
Justin Hammer[5],Bambi Arbogast
Justin Hammer[5],Chess Roberts
Justin Hammer[5],Elon Musk
Justin Hammer[5],Tony Stark jeune
Justin Hammer[5],Jack
Justin Hammer[5],Peter Parker (petit garçon avec le masque d'Iron-Man)
Justin Hammer[5],Dubbing Brothers[8]
Justin Hammer[5],Michel Derain
Justin Hammer[5],Philippe Videcoq
"Nick Fury, directeur du SHIELD[6]","Phil Coulson, agent du SHIELD"
"Nick Fury, directeur du SHIELD[6]",Howard Stark[7]
"Nick Fury, directeur du SHIELD[6]",Happy Hogan
"Nick Fury, directeur du SHIELD[6]",J.A.R.V.I.S (voix)
"Nick Fury, directeur du SHIELD[6]",un US Marshal
"Nick Fury, directeur du SHIELD[6]",Christine Everhart
"Nick Fury, directeur du SHIELD[6]",le sénateur Stern
"Nick Fury, directeur du SHIELD[6]",Christiane Amanpour
"Nick Fury, directeur du SHIELD[6]",l'inspecteur Lemieux
"Nick Fury, directeur du SHIELD[6]",le major Allen
"Nick Fury, directeur du SHIELD[6]",Larry Ellison
"Nick Fury, directeur du SHIELD[6]",DJ AM
"Nick Fury, directeur du SHIELD[6]",le général Meade
"Nick Fury, directeur du SHIELD[6]",Anton Vanko
"Nick Fury, directeur du SHIELD[6]",un journaliste confondu avec Larry King (caméo)
"Nick Fury, directeur du SHIELD[6]",Rebecca
"Nick Fury, directeur du SHIELD[6]",Rebeka
"Nick Fury, directeur du SHIELD[6]",Bambi Arbogast
"Nick Fury, directeur du SHIELD[6]",Chess Roberts
"Nick Fury, directeur du SHIELD[6]",Elon Musk
"Nick Fury, directeur du SHIELD[6]",Tony Stark jeune
"Nick Fury, directeur du SHIELD[6]",Jack
"Nick Fury, directeur du SHIELD[6]",Peter Parker (petit garçon avec le masque d'Iron-Man)
"Nick Fury, directeur du SHIELD[6]",Dubbing Brothers[8]
"Nick Fury, directeur du SHIELD[6]",Michel Derain
"Nick Fury, directeur du SHIELD[6]",Philippe Videcoq
"Phil Coulson, agent du SHIELD",Howard Stark[7]
"Phil Coulson, agent du SHIELD",Happy Hogan
"Phil Coulson, agent du SHIELD",J.A.R.V.I.S (voix)
"Phil Coulson, agent du SHIELD",un US Marshal
"Phil Coulson, agent du SHIELD",Christine Everhart
"Phil Coulson, agent du SHIELD",le sénateur Stern
"Phil Coulson, agent du SHIELD",Christiane Amanpour
"Phil Coulson, agent du SHIELD",l'inspecteur Lemieux
"Phil Coulson, agent du SHIELD",le major Allen
"Phil Coulson, agent du SHIELD",Larry Ellison
"Phil Coulson, agent du SHIELD",DJ AM
"Phil Coulson, agent du SHIELD",le général Meade
"Phil Coulson, agent du SHIELD",Anton Vanko
"Phil Coulson, agent du SHIELD",un journaliste confondu avec Larry King (caméo)
"Phil Coulson, agent du SHIELD",Rebecca
"Phil Coulson, agent du SHIELD",Rebeka
"Phil Coulson, agent du SHIELD",Bambi Arbogast
"Phil Coulson, agent du SHIELD",Chess Roberts
"Phil Coulson, agent du SHIELD",Elon Musk
"Phil Coulson, agent du SHIELD",Tony Stark jeune
"Phil Coulson, agent du SHIELD",Jack
"Phil Coulson, agent du SHIELD",Peter Parker (petit garçon avec le masque d'Iron-Man)
"Phil Coulson, agent du SHIELD",Dubbing Brothers[8]
"Phil Coulson, agent du SHIELD",Michel Derain
"Phil Coulson, agent du SHIELD",Philippe Videcoq
"Phil Coulson, agent du SHIELD",Philippe Videcoq
"Phil Coulson, agent du SHIELD",Thor[8]
"Phil Coulson, agent du SHIELD",Jane Foster[2]
"Phil Coulson, agent du SHIELD",Loki[1]
"Phil Coulson, agent du SHIELD",Odin
"Phil Coulson, agent du SHIELD",Dr Erik Selvig
"Phil Coulson, agent du SHIELD",Darcy Lewis
"Phil Coulson, agent du SHIELD","Laufey, roi des géants des glaces"
"Phil Coulson, agent du SHIELD",Volstagg[2]
"Phil Coulson, agent du SHIELD",Sif[2]
"Phil Coulson, agent du SHIELD",Frigga[2]
"Phil Coulson, agent du SHIELD",Fandral[2]
"Phil Coulson, agent du SHIELD",Heimdall
"Phil Coulson, agent du SHIELD",Hogun[2]
"Phil Coulson, agent du SHIELD",agent Jasper Sitwell
"Phil Coulson, agent du SHIELD",Clint Barton / Hawkeye (non crédité)
"Phil Coulson, agent du SHIELD",Hailstrum
"Phil Coulson, agent du SHIELD",Kale
"Phil Coulson, agent du SHIELD","Michael Rebeiro, conseiller"
"Phil Coulson, agent du SHIELD",Pete
"Phil Coulson, agent du SHIELD",Isabela Alvarez
"Phil Coulson, agent du SHIELD",agent Cale
"Phil Coulson, agent du SHIELD",Eager Townie
"Phil Coulson, agent du SHIELD",Jotun Sentry
"Phil Coulson, agent du SHIELD",Thor enfant
"Phil Coulson, agent du SHIELD",Stan the Man[9] (caméo)
"Phil Coulson, agent du SHIELD",Townie (caméo)
"Phil Coulson, agent du SHIELD","Nick Fury, directeur du SHIELD[10] (non crédité, scène post-générique)"
"Phil Coulson, agent du SHIELD",Steve Rogers / Captain America
"Phil Coulson, agent du SHIELD","Nick Fury, directeur du SHIELD"
"Phil Coulson, agent du SHIELD",Thor
"Phil Coulson, agent du SHIELD",Natasha Romanoff / Black Widow
"Phil Coulson, agent du SHIELD",Clint Barton / Hawkeye
"Phil Coulson, agent du SHIELD",Loki
"Phil Coulson, agent du SHIELD","Maria Hill, agent du SHIELD"
"Phil Coulson, agent du SHIELD",Dr Erik Selvig
"Phil Coulson, agent du SHIELD",Hulk (voix originale)
"Phil Coulson, agent du SHIELD",une membre du Conseil de sécurité mondiale
"Phil Coulson, agent du SHIELD",Georgi Luchkov
"Phil Coulson, agent du SHIELD",l'Autre
"Phil Coulson, agent du SHIELD",le gardien du hangar détruit
"Phil Coulson, agent du SHIELD","JARVIS, l'ordinateur-assistant de Tony Stark (voix)"
"Phil Coulson, agent du SHIELD",l'agent Jasper Sitwell
"Phil Coulson, agent du SHIELD","Gideon Malick, un membre du Conseil de sécurité mondiale"
"Phil Coulson, agent du SHIELD",Beth
"Phil Coulson, agent du SHIELD",un homme critiquant les Avengers en interview (caméo)
"Phil Coulson, agent du SHIELD","Thanos (caméo, scène inter-générique)"
"Phil Coulson, agent du SHIELD","Jane Foster (caméo photographique, non créditée)"
"Phil Coulson, agent du SHIELD","Crâne rouge (flashback, non crédité)"
"Phil Coulson, agent du SHIELD","Peggy Carter (voix, non créditée)"
"Phil Coulson, agent du SHIELD",un agent du S.H.I.E.L.D.
"Phil Coulson, agent du SHIELD",Dubbing Brothers[1]
"Phil Coulson, agent du SHIELD",Hervé Bellon
Howard Stark[7],Happy Hogan
Howard Stark[7],J.A.R.V.I.S (voix)
Howard Stark[7],un US Marshal
Howard Stark[7],Christine Everhart
Howard Stark[7],le sénateur Stern
Howard Stark[7],Christiane Amanpour
Howard Stark[7],l'inspecteur Lemieux
Howard Stark[7],le major Allen
Howard Stark[7],Larry Ellison
Howard Stark[7],DJ AM
Howard Stark[7],le général Meade
Howard Stark[7],Anton Vanko
Howard Stark[7],un journaliste confondu avec Larry King (caméo)
Howard Stark[7],Rebecca
Howard Stark[7],Rebeka
Howard Stark[7],Bambi Arbogast
Howard Stark[7],Chess Roberts
Howard Stark[7],Elon Musk
Howard Stark[7],Tony Stark jeune
Howard Stark[7],Jack
Howard Stark[7],Peter Parker (petit garçon avec le masque d'Iron-Man)
Howard Stark[7],Dubbing Brothers[8]
Howard Stark[7],Michel Derain
Howard Stark[7],Philippe Videcoq
Happy Hogan,J.A.R.V.I.S (voix)
Happy Hogan,un US Marshal
Happy Hogan,Christine Everhart
Happy Hogan,le sénateur Stern
Happy Hogan,Christiane Amanpour
Happy Hogan,l'inspecteur Lemieux
Happy Hogan,le major Allen
Happy Hogan,Larry Ellison
Happy Hogan,DJ AM
Happy Hogan,le général Meade
Happy Hogan,Anton Vanko
Happy Hogan,un journaliste confondu avec Larry King (caméo)
Happy Hogan,Rebecca
Happy Hogan,Rebeka
Happy Hogan,Bambi Arbogast
Happy Hogan,Chess Roberts
Happy Hogan,Elon Musk
Happy Hogan,Tony Stark jeune
Happy Hogan,Jack
Happy Hogan,Peter Parker (petit garçon avec le masque d'Iron-Man)
Happy Hogan,Dubbing Brothers[8]
Happy Hogan,Michel Derain
Happy Hogan,Philippe Videcoq
J.A.R.V.I.S (voix),un US Marshal
J.A.R.V.I.S (voix),Christine Everhart
J.A.R.V.I.S (voix),le sénateur Stern
J.A.R.V.I.S (voix),Christiane Amanpour
J.A.R.V.I.S (voix),l'inspecteur Lemieux
J.A.R.V.I.S (voix),le major Allen
J.A.R.V.I.S (voix),Larry Ellison
J.A.R.V.I.S (voix),DJ AM
J.A.R.V.I.S (voix),le général Meade
J.A.R.V.I.S (voix),Anton Vanko
J.A.R.V.I.S (voix),un journaliste confondu avec Larry King (caméo)
J.A.R.V.I.S (voix),Rebecca
J.A.R.V.I.S (voix),Rebeka
J.A.R.V.I.S (voix),Bambi Arbogast
J.A.R.V.I.S (voix),Chess Roberts
J.A.R.V.I.S (voix),Elon Musk
J.A.R.V.I.S (voix),Tony Stark jeune
J.A.R.V.I.S (voix),Jack
J.A.R.V.I.S (voix),Peter Parker (petit garçon avec le masque d'Iron-Man)
J.A.R.V.I.S (voix),Dubbing Brothers[8]
J.A.R.V.I.S (voix),Michel Derain
J.A.R.V.I.S (voix),Philippe Videcoq
un US Marshal,Christine Everhart
un US Marshal,le sénateur Stern
un US Marshal,Christiane Amanpour
un US Marshal,l'inspecteur Lemieux
un US Marshal,le major Allen
un US Marshal,Larry Ellison
un US Marshal,DJ AM
un US Marshal,le général Meade
un US Marshal,Anton Vanko
un US Marshal,un journaliste confondu avec Larry King (caméo)
un US Marshal,Rebecca
un US Marshal,Rebeka
un US Marshal,Bambi Arbogast
un US Marshal,Chess Roberts
un US Marshal,Elon Musk
un US Marshal,Tony Stark jeune
un US Marshal,Jack
un US Marshal,Peter Parker (petit garçon avec le masque d'Iron-Man)
un US Marshal,Dubbing Brothers[8]
un US Marshal,Michel Derain
un US Marshal,Philippe Videcoq
Christine Everhart,le sénateur Stern
Christine Everhart,Christiane Amanpour
Christine Everhart,l'inspecteur Lemieux
Christine Everhart,le major Allen
Christine Everhart,Larry Ellison
Christine Everhart,DJ AM
Christine Everhart,le général Meade
Christine Everhart,Anton Vanko
Christine Everhart,un journaliste confondu avec Larry King (caméo)
Christine Everhart,Rebecca
Christine Everhart,Rebeka
Christine Everhart,Bambi Arbogast
Christine Everhart,Chess Roberts
Christine Everhart,Elon Musk
Christine Everhart,Tony Stark jeune
Christine Everhart,Jack
Christine Everhart,Peter Parker (petit garçon avec le masque d'Iron-Man)
Christine Everhart,Dubbing Brothers[8]
Christine Everhart,Michel Derain
Christine Everhart,Philippe Videcoq
le sénateur Stern,Christiane Amanpour
le sénateur Stern,l'inspecteur Lemieux
le sénateur Stern,le major Allen
le sénateur Stern,Larry Ellison
le sénateur Stern,DJ AM
le sénateur Stern,le général Meade
le sénateur Stern,Anton Vanko
le sénateur Stern,un journaliste confondu avec Larry King (caméo)
le sénateur Stern,Rebecca
le sénateur Stern,Rebeka
le sénateur Stern,Bambi Arbogast
le sénateur Stern,Chess Roberts
le sénateur Stern,Elon Musk
le sénateur Stern,Tony Stark jeune
le sénateur Stern,Jack
le sénateur Stern,Peter Parker (petit garçon avec le masque d'Iron-Man)
le sénateur Stern,Dubbing Brothers[8]
le sénateur Stern,Michel Derain
le sénateur Stern,Philippe Videcoq
Christiane Amanpour,l'inspecteur Lemieux
Christiane Amanpour,le major Allen
Christiane Amanpour,Larry Ellison
Christiane Amanpour,DJ AM
Christiane Amanpour,le général Meade
Christiane Amanpour,Anton Vanko
Christiane Amanpour,un journaliste confondu avec Larry King (caméo)
Christiane Amanpour,Rebecca
Christiane Amanpour,Rebeka
Christiane Amanpour,Bambi Arbogast
Christiane Amanpour,Chess Roberts
Christiane Amanpour,Elon Musk
Christiane Amanpour,Tony Stark jeune
Christiane Amanpour,Jack
Christiane Amanpour,Peter Parker (petit garçon avec le masque d'Iron-Man)
Christiane Amanpour,Dubbing Brothers[8]
Christiane Amanpour,Michel Derain
Christiane Amanpour,Philippe Videcoq
l'inspecteur Lemieux,le major Allen
l'inspecteur Lemieux,Larry Ellison
l'inspecteur Lemieux,DJ AM
l'inspecteur Lemieux,le général Meade
l'inspecteur Lemieux,Anton Vanko
l'inspecteur Lemieux,un journaliste confondu avec Larry King (caméo)
l'inspecteur Lemieux,Rebecca
l'inspecteur Lemieux,Rebeka
l'inspecteur Lemieux,Bambi Arbogast
l'inspecteur Lemieux,Chess Roberts
l'inspecteur Lemieux,Elon Musk
l'inspecteur Lemieux,Tony Stark jeune
l'inspecteur Lemieux,Jack
l'inspecteur Lemieux,Peter Parker (petit garçon avec le masque d'Iron-Man)
l'inspecteur Lemieux,Dubbing Brothers[8]
l'inspecteur Lemieux,Michel Derain
l'inspecteur Lemieux,Philippe Videcoq
le major Allen,Larry Ellison
le major Allen,DJ AM
le major Allen,le général Meade
le major Allen,Anton Vanko
le major Allen,un journaliste confondu avec Larry King (caméo)
le major Allen,Rebecca
le major Allen,Rebeka
le major Allen,Bambi Arbogast
le major Allen,Chess Roberts
le major Allen,Elon Musk
le major Allen,Tony Stark jeune
le major Allen,Jack
le major Allen,Peter Parker (petit garçon avec le masque d'Iron-Man)
le major Allen,Dubbing Brothers[8]
le major Allen,Michel Derain
le major Allen,Philippe Videcoq
Larry Ellison,DJ AM
Larry Ellison,le général Meade
Larry Ellison,Anton Vanko
Larry Ellison,un journaliste confondu avec Larry King (caméo)
Larry Ellison,Rebecca
Larry Ellison,Rebeka
Larry Ellison,Bambi Arbogast
Larry Ellison,Chess Roberts
Larry Ellison,Elon Musk
Larry Ellison,Tony Stark jeune
Larry Ellison,Jack
Larry Ellison,Peter Parker (petit garçon avec le masque d'Iron-Man)
Larry Ellison,Dubbing Brothers[8]
Larry Ellison,Michel Derain
Larry Ellison,Philippe Videcoq
DJ AM,le général Meade
DJ AM,Anton Vanko
DJ AM,un journaliste confondu avec Larry King (caméo)
DJ AM,Rebecca
DJ AM,Rebeka
DJ AM,Bambi Arbogast
DJ AM,Chess Roberts
DJ AM,Elon Musk
DJ AM,Tony Stark jeune
DJ AM,Jack
DJ AM,Peter Parker (petit garçon avec le masque d'Iron-Man)
DJ AM,Dubbing Brothers[8]
DJ AM,Michel Derain
DJ AM,Philippe Videcoq
le général Meade,Anton Vanko
le général Meade,un journaliste confondu avec Larry King (caméo)
le général Meade,Rebecca
le général Meade,Rebeka
le général Meade,Bambi Arbogast
le général Meade,Chess Roberts
le général Meade,Elon Musk
le général Meade,Tony Stark jeune
le général Meade,Jack
le général Meade,Peter Parker (petit garçon avec le masque d'Iron-Man)
le général Meade,Dubbing Brothers[8]
le général Meade,Michel Derain
le général Meade,Philippe Videcoq
Anton Vanko,un journaliste confondu avec Larry King (caméo)
Anton Vanko,Rebecca
Anton Vanko,Rebeka
Anton Vanko,Bambi Arbogast
Anton Vanko,Chess Roberts
Anton Vanko,Elon Musk
Anton Vanko,Tony Stark jeune
Anton Vanko,Jack
Anton Vanko,Peter Parker (petit garçon avec le masque d'Iron-Man)
Anton Vanko,Dubbing Brothers[8]
Anton Vanko,Michel Derain
Anton Vanko,Philippe Videcoq
un journaliste confondu avec Larry King (caméo),Rebecca
un journaliste confondu avec Larry King (caméo),Rebeka
un journaliste confondu avec Larry King (caméo),Bambi Arbogast
un journaliste confondu avec Larry King (caméo),Chess Roberts
un journaliste confondu avec Larry King (caméo),Elon Musk
un journaliste confondu avec Larry King (caméo),Tony Stark jeune
un journaliste confondu avec Larry King (caméo),Jack
un journaliste confondu avec Larry King (caméo),Peter Parker (petit garçon avec le masque d'Iron-Man)
un journaliste confondu avec Larry King (caméo),Dubbing Brothers[8]
un journaliste confondu avec Larry King (caméo),Michel Derain
un journaliste confondu avec Larry King (caméo),Philippe Videcoq
Rebecca,Rebeka
Rebecca,Bambi Arbogast
Rebecca,Chess Roberts
Rebecca,Elon Musk
Rebecca,Tony Stark jeune
Rebecca,Jack
Rebecca,Peter Parker (petit garçon avec le masque d'Iron-Man)
Rebecca,Dubbing Brothers[8]
Rebecca,Michel Derain
Rebecca,Philippe Videcoq
Rebeka,Bambi Arbogast
Rebeka,Chess Roberts
Rebeka,Elon Musk
Rebeka,Tony Stark jeune
Rebeka,Jack
Rebeka,Peter Parker (petit garçon avec le masque d'Iron-Man)
Rebeka,Dubbing Brothers[8]
Rebeka,Michel Derain
Rebeka,Philippe Videcoq
Bambi Arbogast,Chess Roberts
Bambi Arbogast,Elon Musk
Bambi Arbogast,Tony Stark jeune
Bambi Arbogast,Jack
Bambi Arbogast,Peter Parker (petit garçon avec le masque d'Iron-Man)
Bambi Arbogast,Dubbing Brothers[8]
Bambi Arbogast,Michel Derain
Bambi Arbogast,Philippe Videcoq
Chess Roberts,Elon Musk
Chess Roberts,Tony Stark jeune
Chess Roberts,Jack
Chess Roberts,Peter Parker (petit garçon avec le masque d'Iron-Man)
Chess Roberts,Dubbing Brothers[8]
Chess Roberts,Michel Derain
Chess Roberts,Philippe Videcoq
Elon Musk,Tony Stark jeune
Elon Musk,Jack
Elon Musk,Peter Parker (petit garçon avec le masque d'Iron-Man)
Elon Musk,Dubbing Brothers[8]
Elon Musk,Michel Derain
Elon Musk,Philippe Videcoq
Tony Stark jeune,Jack
Tony Stark jeune,Peter Parker (petit garçon avec le masque d'Iron-Man)
Tony Stark jeune,Dubbing Brothers[8]
Tony Stark jeune,Michel Derain
Tony Stark jeune,Philippe Videcoq
Jack,Peter Parker (petit garçon avec le masque d'Iron-Man)
Jack,Dubbing Brothers[8]
Jack,Michel Derain
Jack,Philippe Videcoq
Peter Parker (petit garçon avec le masque d'Iron-Man),Dubbing Brothers[8]
Peter Parker (petit garçon avec le masque d'Iron-Man),Michel Derain
Peter Parker (petit garçon avec le masque d'Iron-Man),Philippe Videcoq
Dubbing Brothers[8],Michel Derain
Dubbing Brothers[8],Philippe Videcoq
Michel Derain,Philippe Videcoq
Philippe Videcoq,Steve Rogers / Captain America
Philippe Videcoq,"Nick Fury, directeur du SHIELD"
Philippe Videcoq,Thor
Philippe Videcoq,Natasha Romanoff / Black Widow
Philippe Videcoq,Clint Barton / Hawkeye
Philippe Videcoq,Loki
Philippe Videcoq,"Maria Hill, agent du SHIELD"
Philippe Videcoq,Dr Erik Selvig
Philippe Videcoq,Hulk (voix originale)
Philippe Videcoq,une membre du Conseil de sécurité mondiale
Philippe Videcoq,Georgi Luchkov
Philippe Videcoq,l'Autre
Philippe Videcoq,le gardien du hangar détruit
Philippe Videcoq,"JARVIS, l'ordinateur-assistant de Tony Stark (voix)"
Philippe Videcoq,l'agent Jasper Sitwell
Philippe Videcoq,"Gideon Malick, un membre du Conseil de sécurité mondiale"
Philippe Videcoq,Beth
Philippe Videcoq,un homme critiquant les Avengers en interview (caméo)
Philippe Videcoq,"Thanos (caméo, scène inter-générique)"
Philippe Videcoq,"Jane Foster (caméo photographique, non créditée)"
Philippe Videcoq,"Crâne rouge (flashback, non crédité)"
Philippe Videcoq,"Peggy Carter (voix, non créditée)"
Philippe Videcoq,un agent du S.H.I.E.L.D.
Philippe Videcoq,Dubbing Brothers[1]
Philippe Videcoq,Hervé Bellon
Thor[8],Jane Foster[2]
Thor[8],Loki[1]
Thor[8],Odin
Thor[8],Dr Erik Selvig
Thor[8],Darcy Lewis
Thor[8],"Laufey, roi des géants des glaces"
Thor[8],Volstagg[2]
Thor[8],Sif[2]
Thor[8],Frigga[2]
Thor[8],Fandral[2]
Thor[8],Heimdall
Thor[8],Hogun[2]
Thor[8],agent Jasper Sitwell
Thor[8],Clint Barton / Hawkeye (non crédité)
Thor[8],Hailstrum
Thor[8],Kale
Thor[8],"Michael Rebeiro, conseiller"
Thor[8],Pete
Thor[8],Isabela Alvarez
Thor[8],agent Cale
Thor[8],Eager Townie
Thor[8],Jotun Sentry
Thor[8],Thor enfant
Thor[8],Stan the Man[9] (caméo)
Thor[8],Townie (caméo)
Thor[8],"Nick Fury, directeur du SHIELD[10] (non crédité, scène post-générique)"
Jane Foster[2],Loki[1]
Jane Foster[2],Odin
Jane Foster[2],Dr Erik Selvig
Jane Foster[2],Darcy Lewis
Jane Foster[2],"Laufey, roi des géants des glaces"
Jane Foster[2],Volstagg[2]
Jane Foster[2],Sif[2]
Jane Foster[2],Frigga[2]
Jane Foster[2],Fandral[2]
Jane Foster[2],Heimdall
Jane Foster[2],Hogun[2]
Jane Foster[2],agent Jasper Sitwell
Jane Foster[2],Clint Barton / Hawkeye (non crédité)
Jane Foster[2],Hailstrum
Jane Foster[2],Kale
Jane Foster[2],"Michael Rebeiro, conseiller"
Jane Foster[2],Pete
Jane Foster[2],Isabela Alvarez
Jane Foster[2],agent Cale
Jane Foster[2],Eager Townie
Jane Foster[2],Jotun Sentry
Jane Foster[2],Thor enfant
Jane Foster[2],Stan the Man[9] (caméo)
Jane Foster[2],Townie (caméo)
Jane Foster[2],"Nick Fury, directeur du SHIELD[10] (non crédité, scène post-générique)"
Loki[1],Odin
Loki[1],Dr Erik Selvig
Loki[1],Darcy Lewis
Loki[1],"Laufey, roi des géants des glaces"
Loki[1],Volstagg[2]
Loki[1],Sif[2]
Loki[1],Frigga[2]
Loki[1],Fandral[2]
Loki[1],Heimdall
Loki[1],Hogun[2]
Loki[1],agent Jasper Sitwell
Loki[1],Clint Barton / Hawkeye (non crédité)
Loki[1],Hailstrum
Loki[1],Kale
Loki[1],"Michael Rebeiro, conseiller"
Loki[1],Pete
Loki[1],Isabela Alvarez
Loki[1],agent Cale
Loki[1],Eager Townie
Loki[1],Jotun Sentry
Loki[1],Thor enfant
Loki[1],Stan the Man[9] (caméo)
Loki[1],Townie (caméo)
Loki[1],"Nick Fury, directeur du SHIELD[10] (non crédité, scène post-générique)"
Odin,Dr Erik Selvig
Odin,Darcy Lewis
Odin,"Laufey, roi des géants des glaces"
Odin,Volstagg[2]
Odin,Sif[2]
Odin,Frigga[2]
Odin,Fandral[2]
Odin,Heimdall
Odin,Hogun[2]
Odin,agent Jasper Sitwell
Odin,Clint Barton / Hawkeye (non crédité)
Odin,Hailstrum
Odin,Kale
Odin,"Michael Rebeiro, conseiller"
Odin,Pete
Odin,Isabela Alvarez
Odin,agent Cale
Odin,Eager Townie
Odin,Jotun Sentry
Odin,Thor enfant
Odin,Stan the Man[9] (caméo)
Odin,Townie (caméo)
Odin,"Nick Fury, directeur du SHIELD[10] (non crédité, scène post-générique)"
Dr Erik Selvig,Darcy Lewis
Dr Erik Selvig,"Laufey, roi des géants des glaces"
Dr Erik Selvig,Volstagg[2]
Dr Erik Selvig,Sif[2]
Dr Erik Selvig,Frigga[2]
Dr Erik Selvig,Fandral[2]
Dr Erik Selvig,Heimdall
Dr Erik Selvig,Hogun[2]
Dr Erik Selvig,agent Jasper Sitwell
Dr Erik Selvig,Clint Barton / Hawkeye (non crédité)
Dr Erik Selvig,Hailstrum
Dr Erik Selvig,Kale
Dr Erik Selvig,"Michael Rebeiro, conseiller"
Dr Erik Selvig,Pete
Dr Erik Selvig,Isabela Alvarez
Dr Erik Selvig,agent Cale
Dr Erik Selvig,Eager Townie
Dr Erik Selvig,Jotun Sentry
Dr Erik Selvig,Thor enfant
Dr Erik Selvig,Stan the Man[9] (caméo)
Dr Erik Selvig,Townie (caméo)
Dr Erik Selvig,"Nick Fury, directeur du SHIELD[10] (non crédité, scène post-générique)"
Darcy Lewis,"Laufey, roi des géants des glaces"
Darcy Lewis,Volstagg[2]
Darcy Lewis,Sif[2]
Darcy Lewis,Frigga[2]
Darcy Lewis,Fandral[2]
Darcy Lewis,Heimdall
Darcy Lewis,Hogun[2]
Darcy Lewis,agent Jasper Sitwell
Darcy Lewis,Clint Barton / Hawkeye (non crédité)
Darcy Lewis,Hailstrum
Darcy Lewis,Kale
Darcy Lewis,"Michael Rebeiro, conseiller"
Darcy Lewis,Pete
Darcy Lewis,Isabela Alvarez
Darcy Lewis,agent Cale
Darcy Lewis,Eager Townie
Darcy Lewis,Jotun Sentry
Darcy Lewis,Thor enfant
Darcy Lewis,Stan the Man[9] (caméo)
Darcy Lewis,Townie (caméo)
Darcy Lewis,"Nick Fury, directeur du SHIELD[10] (non crédité, scène post-générique)"
"Laufey, roi des géants des glaces",Volstagg[2]
"Laufey, roi des géants des glaces",Sif[2]
"Laufey, roi des géants des glaces",Frigga[2]
"Laufey, roi des géants des glaces",Fandral[2]
"Laufey, roi des géants des glaces",Heimdall
"Laufey, roi des géants des glaces",Hogun[2]
"Laufey, roi des géants des glaces",agent Jasper Sitwell
"Laufey, roi des géants des glaces",Clint Barton / Hawkeye (non crédité)
"Laufey, roi des géants des glaces",Hailstrum
"Laufey, roi des géants des glaces",Kale
"Laufey, roi des géants des glaces","Michael Rebeiro, conseiller"
"Laufey, roi des géants des glaces",Pete
"Laufey, roi des géants des glaces",Isabela Alvarez
"Laufey, roi des géants des glaces",agent Cale
"Laufey, roi des géants des glaces",Eager Townie
"Laufey, roi des géants des glaces",Jotun Sentry
"Laufey, roi des géants des glaces",Thor enfant
"Laufey, roi des géants des glaces",Stan the Man[9] (caméo)
"Laufey, roi des géants des glaces",Townie (caméo)
"Laufey, roi des géants des glaces","Nick Fury, directeur du SHIELD[10] (non crédité, scène post-générique)"
Volstagg[2],Sif[2]
Volstagg[2],Frigga[2]
Volstagg[2],Fandral[2]
Volstagg[2],Heimdall
Volstagg[2],Hogun[2]
Volstagg[2],agent Jasper Sitwell
Volstagg[2],Clint Barton / Hawkeye (non crédité)
Volstagg[2],Hailstrum
Volstagg[2],Kale
Volstagg[2],"Michael Rebeiro, conseiller"
Volstagg[2],Pete
Volstagg[2],Isabela Alvarez
Volstagg[2],agent Cale
Volstagg[2],Eager Townie
Volstagg[2],Jotun Sentry
Volstagg[2],Thor enfant
Volstagg[2],Stan the Man[9] (caméo)
Volstagg[2],Townie (caméo)
Volstagg[2],"Nick Fury, directeur du SHIELD[10] (non crédité, scène post-générique)"
Sif[2],Frigga[2]
Sif[2],Fandral[2]
Sif[2],Heimdall
Sif[2],Hogun[2]
Sif[2],agent Jasper Sitwell
Sif[2],Clint Barton / Hawkeye (non crédité)
Sif[2],Hailstrum
Sif[2],Kale
Sif[2],"Michael Rebeiro, conseiller"
Sif[2],Pete
Sif[2],Isabela Alvarez
Sif[2],agent Cale
Sif[2],Eager Townie
Sif[2],Jotun Sentry
Sif[2],Thor enfant
Sif[2],Stan the Man[9] (caméo)
Sif[2],Townie (caméo)
Sif[2],"Nick Fury, directeur du SHIELD[10] (non crédité, scène post-générique)"
Frigga[2],Fandral[2]
Frigga[2],Heimdall
Frigga[2],Hogun[2]
Frigga[2],agent Jasper Sitwell
Frigga[2],Clint Barton / Hawkeye (non crédité)
Frigga[2],Hailstrum
Frigga[2],Kale
Frigga[2],"Michael Rebeiro, conseiller"
Frigga[2],Pete
Frigga[2],Isabela Alvarez
Frigga[2],agent Cale
Frigga[2],Eager Townie
Frigga[2],Jotun Sentry
Frigga[2],Thor enfant
Frigga[2],Stan the Man[9] (caméo)
Frigga[2],Townie (caméo)
Frigga[2],"Nick Fury, directeur du SHIELD[10] (non crédité, scène post-générique)"
Fandral[2],Heimdall
Fandral[2],Hogun[2]
Fandral[2],agent Jasper Sitwell
Fandral[2],Clint Barton / Hawkeye (non crédité)
Fandral[2],Hailstrum
Fandral[2],Kale
Fandral[2],"Michael Rebeiro, conseiller"
Fandral[2],Pete
Fandral[2],Isabela Alvarez
Fandral[2],agent Cale
Fandral[2],Eager Townie
Fandral[2],Jotun Sentry
Fandral[2],Thor enfant
Fandral[2],Stan the Man[9] (caméo)
Fandral[2],Townie (caméo)
Fandral[2],"Nick Fury, directeur du SHIELD[10] (non crédité, scène post-générique)"
Heimdall,Hogun[2]
Heimdall,agent Jasper Sitwell
Heimdall,Clint Barton / Hawkeye (non crédité)
Heimdall,Hailstrum
Heimdall,Kale
Heimdall,"Michael Rebeiro, conseiller"
Heimdall,Pete
Heimdall,Isabela Alvarez
Heimdall,agent Cale
Heimdall,Eager Townie
Heimdall,Jotun Sentry
Heimdall,Thor enfant
Heimdall,Stan the Man[9] (caméo)
Heimdall,Townie (caméo)
Heimdall,"Nick Fury, directeur du SHIELD[10] (non crédité, scène post-générique)"
Hogun[2],agent Jasper Sitwell
Hogun[2],Clint Barton / Hawkeye (non crédité)
Hogun[2],Hailstrum
Hogun[2],Kale
Hogun[2],"Michael Rebeiro, conseiller"
Hogun[2],Pete
Hogun[2],Isabela Alvarez
Hogun[2],agent Cale
Hogun[2],Eager Townie
Hogun[2],Jotun Sentry
Hogun[2],Thor enfant
Hogun[2],Stan the Man[9] (caméo)
Hogun[2],Townie (caméo)
Hogun[2],"Nick Fury, directeur du SHIELD[10] (non crédité, scène post-générique)"
agent Jasper Sitwell,Clint Barton / Hawkeye (non crédité)
agent Jasper Sitwell,Hailstrum
agent Jasper Sitwell,Kale
agent Jasper Sitwell,"Michael Rebeiro, conseiller"
agent Jasper Sitwell,Pete
agent Jasper Sitwell,Isabela Alvarez
agent Jasper Sitwell,agent Cale
agent Jasper Sitwell,Eager Townie
agent Jasper Sitwell,Jotun Sentry
agent Jasper Sitwell,Thor enfant
agent Jasper Sitwell,Stan the Man[9] (caméo)
agent Jasper Sitwell,Townie (caméo)
agent Jasper Sitwell,"Nick Fury, directeur du SHIELD[10] (non crédité, scène post-générique)"
Clint Barton / Hawkeye (non crédité),Hailstrum
Clint Barton / Hawkeye (non crédité),Kale
Clint Barton / Hawkeye (non crédité),"Michael Rebeiro, conseiller"
Clint Barton / Hawkeye (non crédité),Pete
Clint Barton / Hawkeye (non crédité),Isabela Alvarez
Clint Barton / Hawkeye (non crédité),agent Cale
Clint Barton / Hawkeye (non crédité),Eager Townie
Clint Barton / Hawkeye (non crédité),Jotun Sentry
Clint Barton / Hawkeye (non crédité),Thor enfant
Clint Barton / Hawkeye (non crédité),Stan the Man[9] (caméo)
Clint Barton / Hawkeye (non crédité),Townie (caméo)
Clint Barton / Hawkeye (non crédité),"Nick Fury, directeur du SHIELD[10] (non crédité, scène post-générique)"
Hailstrum,Kale
Hailstrum,"Michael Rebeiro, conseiller"
Hailstrum,Pete
Hailstrum,Isabela Alvarez
Hailstrum,agent Cale
Hailstrum,Eager Townie
Hailstrum,Jotun Sentry
Hailstrum,Thor enfant
Hailstrum,Stan the Man[9] (caméo)
Hailstrum,Townie (caméo)
Hailstrum,"Nick Fury, directeur du SHIELD[10] (non crédité, scène post-générique)"
Kale,"Michael Rebeiro, conseiller"
Kale,Pete
Kale,Isabela Alvarez
Kale,agent Cale
Kale,Eager Townie
Kale,Jotun Sentry
Kale,Thor enfant
Kale,Stan the Man[9] (caméo)
Kale,Townie (caméo)
Kale,"Nick Fury, directeur du SHIELD[10] (non crédité, scène post-générique)"
"Michael Rebeiro, conseiller",Pete
"Michael Rebeiro, conseiller",Isabela Alvarez
"Michael Rebeiro, conseiller",agent Cale
"Michael Rebeiro, conseiller",Eager Townie
"Michael Rebeiro, conseiller",Jotun Sentry
"Michael Rebeiro, conseiller",Thor enfant
"Michael Rebeiro, conseiller",Stan the Man[9] (caméo)
"Michael Rebeiro, conseiller",Townie (caméo)
"Michael Rebeiro, conseiller","Nick Fury, directeur du SHIELD[10] (non crédité, scène post-générique)"
Pete,Isabela Alvarez
Pete,agent Cale
Pete,Eager Townie
Pete,Jotun Sentry
Pete,Thor enfant
Pete,Stan the Man[9] (caméo)
Pete,Townie (caméo)
Pete,"Nick Fury, directeur du SHIELD[10] (non crédité, scène post-générique)"
Isabela Alvarez,agent Cale
Isabela Alvarez,Eager Townie
Isabela Alvarez,Jotun Sentry
Isabela Alvarez,Thor enfant
Isabela Alvarez,Stan the Man[9] (caméo)
Isabela Alvarez,Townie (caméo)
Isabela Alvarez,"Nick Fury, directeur du SHIELD[10] (non crédité, scène post-générique)"
agent Cale,Eager Townie
agent Cale,Jotun Sentry
agent Cale,Thor enfant
agent Cale,Stan the Man[9] (caméo)
agent Cale,Townie (caméo)
agent Cale,"Nick Fury, directeur du SHIELD[10] (non crédité, scène post-générique)"
Eager Townie,Jotun Sentry
Eager Townie,Thor enfant
Eager Townie,Stan the Man[9] (caméo)
Eager Townie,Townie (caméo)
Eager Townie,"Nick Fury, directeur du SHIELD[10] (non crédité, scène post-générique)"
Jotun Sentry,Thor enfant
Jotun Sentry,Stan the Man[9] (caméo)
Jotun Sentry,Townie (caméo)
Jotun Sentry,"Nick Fury, directeur du SHIELD[10] (non crédité, scène post-générique)"
Thor enfant,Stan the Man[9] (caméo)
Thor enfant,Townie (caméo)
Thor enfant,"Nick Fury, directeur du SHIELD[10] (non crédité, scène post-générique)"
Stan the Man[9] (caméo),Townie (caméo)
Stan the Man[9] (caméo),"Nick Fury, directeur du SHIELD[10] (non crédité, scène post-générique)"
Townie (caméo),"Nick Fury, directeur du SHIELD[10] (non crédité, scène post-générique)"
Steve Rogers / Captain America,Peggy Carter
Steve Rogers / Captain America,Johann Schmidt / Crâne rouge
Steve Rogers / Captain America,James « Bucky » Barnes
Steve Rogers / Captain America,le colonel Chester Phillips
Steve Rogers / Captain America,Dr Abraham Erskine
Steve Rogers / Captain America,Dr Arnim Zola
Steve Rogers / Captain America,Heinz Kruger
Steve Rogers / Captain America,Timothy « Dum Dum » Dugan
Steve Rogers / Captain America,Gabe Jones
Steve Rogers / Captain America,Jim Morita
Steve Rogers / Captain America,James Montgomery Falsworth
Steve Rogers / Captain America,Jacques Dernier
Steve Rogers / Captain America,"Nick Fury, directeur du SHIELD"
Steve Rogers / Captain America,"Nick Fury, directeur du SHIELD"
Steve Rogers / Captain America,Sénateur Brandt
Steve Rogers / Captain America,Roeder
Steve Rogers / Captain America,Hutter
Steve Rogers / Captain America,Schneider
Steve Rogers / Captain America,l'assistant du sénateur Brandt
Steve Rogers / Captain America,un agent du SHIELD
Steve Rogers / Captain America,la chasseuse d'autographe
Steve Rogers / Captain America,Lorraine
Steve Rogers / Captain America,un général (caméo)
Steve Rogers / Captain America,Connie
Steve Rogers / Captain America,Steve Rogers (doublure pour les scènes où Steve est encore maigre[5])
Steve Rogers / Captain America,Thor
Steve Rogers / Captain America,Natasha Romanoff / Black Widow
Steve Rogers / Captain America,Clint Barton / Hawkeye
Steve Rogers / Captain America,Loki
Steve Rogers / Captain America,"Maria Hill, agent du SHIELD"
Steve Rogers / Captain America,Dr Erik Selvig
Steve Rogers / Captain America,Hulk (voix originale)
Steve Rogers / Captain America,une membre du Conseil de sécurité mondiale
Steve Rogers / Captain America,Georgi Luchkov
Steve Rogers / Captain America,l'Autre
Steve Rogers / Captain America,le gardien du hangar détruit
Steve Rogers / Captain America,"JARVIS, l'ordinateur-assistant de Tony Stark (voix)"
Steve Rogers / Captain America,l'agent Jasper Sitwell
Steve Rogers / Captain America,"Gideon Malick, un membre du Conseil de sécurité mondiale"
Steve Rogers / Captain America,Beth
Steve Rogers / Captain America,un homme critiquant les Avengers en interview (caméo)
Steve Rogers / Captain America,"Thanos (caméo, scène inter-générique)"
Steve Rogers / Captain America,"Jane Foster (caméo photographique, non créditée)"
Steve Rogers / Captain America,"Crâne rouge (flashback, non crédité)"
Steve Rogers / Captain America,"Peggy Carter (voix, non créditée)"
Steve Rogers / Captain America,un agent du S.H.I.E.L.D.
Steve Rogers / Captain America,Dubbing Brothers[1]
Steve Rogers / Captain America,Hervé Bellon
Peggy Carter,Johann Schmidt / Crâne rouge
Peggy Carter,James « Bucky » Barnes
Peggy Carter,le colonel Chester Phillips
Peggy Carter,Dr Abraham Erskine
Peggy Carter,Dr Arnim Zola
Peggy Carter,Heinz Kruger
Peggy Carter,Timothy « Dum Dum » Dugan
Peggy Carter,Gabe Jones
Peggy Carter,Jim Morita
Peggy Carter,James Montgomery Falsworth
Peggy Carter,Jacques Dernier
Peggy Carter,"Nick Fury, directeur du SHIELD"
Peggy Carter,Sénateur Brandt
Peggy Carter,Roeder
Peggy Carter,Hutter
Peggy Carter,Schneider
Peggy Carter,l'assistant du sénateur Brandt
Peggy Carter,un agent du SHIELD
Peggy Carter,la chasseuse d'autographe
Peggy Carter,Lorraine
Peggy Carter,un général (caméo)
Peggy Carter,Connie
Peggy Carter,Steve Rogers (doublure pour les scènes où Steve est encore maigre[5])
Johann Schmidt / Crâne rouge,James « Bucky » Barnes
Johann Schmidt / Crâne rouge,le colonel Chester Phillips
Johann Schmidt / Crâne rouge,Dr Abraham Erskine
Johann Schmidt / Crâne rouge,Dr Arnim Zola
Johann Schmidt / Crâne rouge,Heinz Kruger
Johann Schmidt / Crâne rouge,Timothy « Dum Dum » Dugan
Johann Schmidt / Crâne rouge,Gabe Jones
Johann Schmidt / Crâne rouge,Jim Morita
Johann Schmidt / Crâne rouge,James Montgomery Falsworth
Johann Schmidt / Crâne rouge,Jacques Dernier
Johann Schmidt / Crâne rouge,"Nick Fury, directeur du SHIELD"
Johann Schmidt / Crâne rouge,Sénateur Brandt
Johann Schmidt / Crâne rouge,Roeder
Johann Schmidt / Crâne rouge,Hutter
Johann Schmidt / Crâne rouge,Schneider
Johann Schmidt / Crâne rouge,l'assistant du sénateur Brandt
Johann Schmidt / Crâne rouge,un agent du SHIELD
Johann Schmidt / Crâne rouge,la chasseuse d'autographe
Johann Schmidt / Crâne rouge,Lorraine
Johann Schmidt / Crâne rouge,un général (caméo)
Johann Schmidt / Crâne rouge,Connie
Johann Schmidt / Crâne rouge,Steve Rogers (doublure pour les scènes où Steve est encore maigre[5])
James « Bucky » Barnes,le colonel Chester Phillips
James « Bucky » Barnes,Dr Abraham Erskine
James « Bucky » Barnes,Dr Arnim Zola
James « Bucky » Barnes,Heinz Kruger
James « Bucky » Barnes,Timothy « Dum Dum » Dugan
James « Bucky » Barnes,Gabe Jones
James « Bucky » Barnes,Jim Morita
James « Bucky » Barnes,James Montgomery Falsworth
James « Bucky » Barnes,Jacques Dernier
James « Bucky » Barnes,"Nick Fury, directeur du SHIELD"
James « Bucky » Barnes,Sénateur Brandt
James « Bucky » Barnes,Roeder
James « Bucky » Barnes,Hutter
James « Bucky » Barnes,Schneider
James « Bucky » Barnes,l'assistant du sénateur Brandt
James « Bucky » Barnes,un agent du SHIELD
James « Bucky » Barnes,la chasseuse d'autographe
James « Bucky » Barnes,Lorraine
James « Bucky » Barnes,un général (caméo)
James « Bucky » Barnes,Connie
James « Bucky » Barnes,Steve Rogers (doublure pour les scènes où Steve est encore maigre[5])
le colonel Chester Phillips,Dr Abraham Erskine
le colonel Chester Phillips,Dr Arnim Zola
le colonel Chester Phillips,Heinz Kruger
le colonel Chester Phillips,Timothy « Dum Dum » Dugan
le colonel Chester Phillips,Gabe Jones
le colonel Chester Phillips,Jim Morita
le colonel Chester Phillips,James Montgomery Falsworth
le colonel Chester Phillips,Jacques Dernier
le colonel Chester Phillips,"Nick Fury, directeur du SHIELD"
le colonel Chester Phillips,Sénateur Brandt
le colonel Chester Phillips,Roeder
le colonel Chester Phillips,Hutter
le colonel Chester Phillips,Schneider
le colonel Chester Phillips,l'assistant du sénateur Brandt
le colonel Chester Phillips,un agent du SHIELD
le colonel Chester Phillips,la chasseuse d'autographe
le colonel Chester Phillips,Lorraine
le colonel Chester Phillips,un général (caméo)
le colonel Chester Phillips,Connie
le colonel Chester Phillips,Steve Rogers (doublure pour les scènes où Steve est encore maigre[5])
Dr Abraham Erskine,Dr Arnim Zola
Dr Abraham Erskine,Heinz Kruger
Dr Abraham Erskine,Timothy « Dum Dum » Dugan
Dr Abraham Erskine,Gabe Jones
Dr Abraham Erskine,Jim Morita
Dr Abraham Erskine,James Montgomery Falsworth
Dr Abraham Erskine,Jacques Dernier
Dr Abraham Erskine,"Nick Fury, directeur du SHIELD"
Dr Abraham Erskine,Sénateur Brandt
Dr Abraham Erskine,Roeder
Dr Abraham Erskine,Hutter
Dr Abraham Erskine,Schneider
Dr Abraham Erskine,l'assistant du sénateur Brandt
Dr Abraham Erskine,un agent du SHIELD
Dr Abraham Erskine,la chasseuse d'autographe
Dr Abraham Erskine,Lorraine
Dr Abraham Erskine,un général (caméo)
Dr Abraham Erskine,Connie
Dr Abraham Erskine,Steve Rogers (doublure pour les scènes où Steve est encore maigre[5])
Dr Arnim Zola,Heinz Kruger
Dr Arnim Zola,Timothy « Dum Dum » Dugan
Dr Arnim Zola,Gabe Jones
Dr Arnim Zola,Jim Morita
Dr Arnim Zola,James Montgomery Falsworth
Dr Arnim Zola,Jacques Dernier
Dr Arnim Zola,"Nick Fury, directeur du SHIELD"
Dr Arnim Zola,Sénateur Brandt
Dr Arnim Zola,Roeder
Dr Arnim Zola,Hutter
Dr Arnim Zola,Schneider
Dr Arnim Zola,l'assistant du sénateur Brandt
Dr Arnim Zola,un agent du SHIELD
Dr Arnim Zola,la chasseuse d'autographe
Dr Arnim Zola,Lorraine
Dr Arnim Zola,un général (caméo)
Dr Arnim Zola,Connie
Dr Arnim Zola,Steve Rogers (doublure pour les scènes où Steve est encore maigre[5])
Heinz Kruger,Timothy « Dum Dum » Dugan
Heinz Kruger,Gabe Jones
Heinz Kruger,Jim Morita
Heinz Kruger,James Montgomery Falsworth
Heinz Kruger,Jacques Dernier
Heinz Kruger,"Nick Fury, directeur du SHIELD"
Heinz Kruger,Sénateur Brandt
Heinz Kruger,Roeder
Heinz Kruger,Hutter
Heinz Kruger,Schneider
Heinz Kruger,l'assistant du sénateur Brandt
Heinz Kruger,un agent du SHIELD
Heinz Kruger,la chasseuse d'autographe
Heinz Kruger,Lorraine
Heinz Kruger,un général (caméo)
Heinz Kruger,Connie
Heinz Kruger,Steve Rogers (doublure pour les scènes où Steve est encore maigre[5])
Timothy « Dum Dum » Dugan,Gabe Jones
Timothy « Dum Dum » Dugan,Jim Morita
Timothy « Dum Dum » Dugan,James Montgomery Falsworth
Timothy « Dum Dum » Dugan,Jacques Dernier
Timothy « Dum Dum » Dugan,"Nick Fury, directeur du SHIELD"
Timothy « Dum Dum » Dugan,Sénateur Brandt
Timothy « Dum Dum » Dugan,Roeder
Timothy « Dum Dum » Dugan,Hutter
Timothy « Dum Dum » Dugan,Schneider
Timothy « Dum Dum » Dugan,l'assistant du sénateur Brandt
Timothy « Dum Dum » Dugan,un agent du SHIELD
Timothy « Dum Dum » Dugan,la chasseuse d'autographe
Timothy « Dum Dum » Dugan,Lorraine
Timothy « Dum Dum » Dugan,un général (caméo)
Timothy « Dum Dum » Dugan,Connie
Timothy « Dum Dum » Dugan,Steve Rogers (doublure pour les scènes où Steve est encore maigre[5])
Gabe Jones,Jim Morita
Gabe Jones,James Montgomery Falsworth
Gabe Jones,Jacques Dernier
Gabe Jones,"Nick Fury, directeur du SHIELD"
Gabe Jones,Sénateur Brandt
Gabe Jones,Roeder
Gabe Jones,Hutter
Gabe Jones,Schneider
Gabe Jones,l'assistant du sénateur Brandt
Gabe Jones,un agent du SHIELD
Gabe Jones,la chasseuse d'autographe
Gabe Jones,Lorraine
Gabe Jones,un général (caméo)
Gabe Jones,Connie
Gabe Jones,Steve Rogers (doublure pour les scènes où Steve est encore maigre[5])
Jim Morita,James Montgomery Falsworth
Jim Morita,Jacques Dernier
Jim Morita,"Nick Fury, directeur du SHIELD"
Jim Morita,Sénateur Brandt
Jim Morita,Roeder
Jim Morita,Hutter
Jim Morita,Schneider
Jim Morita,l'assistant du sénateur Brandt
Jim Morita,un agent du SHIELD
Jim Morita,la chasseuse d'autographe
Jim Morita,Lorraine
Jim Morita,un général (caméo)
Jim Morita,Connie
Jim Morita,Steve Rogers (doublure pour les scènes où Steve est encore maigre[5])
James Montgomery Falsworth,Jacques Dernier
James Montgomery Falsworth,"Nick Fury, directeur du SHIELD"
James Montgomery Falsworth,Sénateur Brandt
James Montgomery Falsworth,Roeder
James Montgomery Falsworth,Hutter
James Montgomery Falsworth,Schneider
James Montgomery Falsworth,l'assistant du sénateur Brandt
James Montgomery Falsworth,un agent du SHIELD
James Montgomery Falsworth,la chasseuse d'autographe
James Montgomery Falsworth,Lorraine
James Montgomery Falsworth,un général (caméo)
James Montgomery Falsworth,Connie
James Montgomery Falsworth,Steve Rogers (doublure pour les scènes où Steve est encore maigre[5])
Jacques Dernier,"Nick Fury, directeur du SHIELD"
Jacques Dernier,Sénateur Brandt
Jacques Dernier,Roeder
Jacques Dernier,Hutter
Jacques Dernier,Schneider
Jacques Dernier,l'assistant du sénateur Brandt
Jacques Dernier,un agent du SHIELD
Jacques Dernier,la chasseuse d'autographe
Jacques Dernier,Lorraine
Jacques Dernier,un général (caméo)
Jacques Dernier,Connie
Jacques Dernier,Steve Rogers (doublure pour les scènes où Steve est encore maigre[5])
"Nick Fury, directeur du SHIELD",Sénateur Brandt
"Nick Fury, directeur du SHIELD",Roeder
"Nick Fury, directeur du SHIELD",Hutter
"Nick Fury, directeur du SHIELD",Schneider
"Nick Fury, directeur du SHIELD",l'assistant du sénateur Brandt
"Nick Fury, directeur du SHIELD",un agent du SHIELD
"Nick Fury, directeur du SHIELD",la chasseuse d'autographe
"Nick Fury, directeur du SHIELD",Lorraine
"Nick Fury, directeur du SHIELD",un général (caméo)
"Nick Fury, directeur du SHIELD",Connie
"Nick Fury, directeur du SHIELD",Steve Rogers (doublure pour les scènes où Steve est encore maigre[5])
"Nick Fury, directeur du SHIELD",Thor
"Nick Fury, directeur du SHIELD",Natasha Romanoff / Black Widow
"Nick Fury, directeur du SHIELD",Clint Barton / Hawkeye
"Nick Fury, directeur du SHIELD",Loki
"Nick Fury, directeur du SHIELD","Maria Hill, agent du SHIELD"
"Nick Fury, directeur du SHIELD",Dr Erik Selvig
"Nick Fury, directeur du SHIELD",Hulk (voix originale)
"Nick Fury, directeur du SHIELD",une membre du Conseil de sécurité mondiale
"Nick Fury, directeur du SHIELD",Georgi Luchkov
"Nick Fury, directeur du SHIELD",l'Autre
"Nick Fury, directeur du SHIELD",le gardien du hangar détruit
"Nick Fury, directeur du SHIELD","JARVIS, l'ordinateur-assistant de Tony Stark (voix)"
"Nick Fury, directeur du SHIELD",l'agent Jasper Sitwell
"Nick Fury, directeur du SHIELD","Gideon Malick, un membre du Conseil de sécurité mondiale"
"Nick Fury, directeur du SHIELD",Beth
"Nick Fury, directeur du SHIELD",un homme critiquant les Avengers en interview (caméo)
"Nick Fury, directeur du SHIELD","Thanos (caméo, scène inter-générique)"
"Nick Fury, directeur du SHIELD","Jane Foster (caméo photographique, non créditée)"
"Nick Fury, directeur du SHIELD","Crâne rouge (flashback, non crédité)"
"Nick Fury, directeur du SHIELD","Peggy Carter (voix, non créditée)"
"Nick Fury, directeur du SHIELD",un agent du S.H.I.E.L.D.
"Nick Fury, directeur du SHIELD",Dubbing Brothers[1]
"Nick Fury, directeur du SHIELD",Hervé Bellon
Sénateur Brandt,Roeder
Sénateur Brandt,Hutter
Sénateur Brandt,Schneider
Sénateur Brandt,l'assistant du sénateur Brandt
Sénateur Brandt,un agent du SHIELD
Sénateur Brandt,la chasseuse d'autographe
Sénateur Brandt,Lorraine
Sénateur Brandt,un général (caméo)
Sénateur Brandt,Connie
Sénateur Brandt,Steve Rogers (doublure pour les scènes où Steve est encore maigre[5])
Roeder,Hutter
Roeder,Schneider
Roeder,l'assistant du sénateur Brandt
Roeder,un agent du SHIELD
Roeder,la chasseuse d'autographe
Roeder,Lorraine
Roeder,un général (caméo)
Roeder,Connie
Roeder,Steve Rogers (doublure pour les scènes où Steve est encore maigre[5])
Hutter,Schneider
Hutter,l'assistant du sénateur Brandt
Hutter,un agent du SHIELD
Hutter,la chasseuse d'autographe
Hutter,Lorraine
Hutter,un général (caméo)
Hutter,Connie
Hutter,Steve Rogers (doublure pour les scènes où Steve est encore maigre[5])
Schneider,l'assistant du sénateur Brandt
Schneider,un agent du SHIELD
Schneider,la chasseuse d'autographe
Schneider,Lorraine
Schneider,un général (caméo)
Schneider,Connie
Schneider,Steve Rogers (doublure pour les scènes où Steve est encore maigre[5])
l'assistant du sénateur Brandt,un agent du SHIELD
l'assistant du sénateur Brandt,la chasseuse d'autographe
l'assistant du sénateur Brandt,Lorraine
l'assistant du sénateur Brandt,un général (caméo)
l'assistant du sénateur Brandt,Connie
l'assistant du sénateur Brandt,Steve Rogers (doublure pour les scènes où Steve est encore maigre[5])
un agent du SHIELD,la chasseuse d'autographe
un agent du SHIELD,Lorraine
un agent du SHIELD,un général (caméo)
un agent du SHIELD,Connie
un agent du SHIELD,Steve Rogers (doublure pour les scènes où Steve est encore maigre[5])
la chasseuse d'autographe,Lorraine
la chasseuse d'autographe,un général (caméo)
la chasseuse d'autographe,Connie
la chasseuse d'autographe,Steve Rogers (doublure pour les scènes où Steve est encore maigre[5])
Lorraine,un général (caméo)
Lorraine,Connie
Lorraine,Steve Rogers (doublure pour les scènes où Steve est encore maigre[5])
un général (caméo),Connie
un général (caméo),Steve Rogers (doublure pour les scènes où Steve est encore maigre[5])
Connie,Steve Rogers (doublure pour les scènes où Steve est encore maigre[5])
Thor,Natasha Romanoff / Black Widow
Thor,Clint Barton / Hawkeye
Thor,Loki
Thor,"Maria Hill, agent du SHIELD"
Thor,Dr Erik Selvig
Thor,Hulk (voix originale)
Thor,une membre du Conseil de sécurité mondiale
Thor,Georgi Luchkov
Thor,l'Autre
Thor,le gardien du hangar détruit
Thor,"JARVIS, l'ordinateur-assistant de Tony Stark (voix)"
Thor,l'agent Jasper Sitwell
Thor,"Gideon Malick, un membre du Conseil de sécurité mondiale"
Thor,Beth
Thor,un homme critiquant les Avengers en interview (caméo)
Thor,"Thanos (caméo, scène inter-générique)"
Thor,"Jane Foster (caméo photographique, non créditée)"
Thor,"Crâne rouge (flashback, non crédité)"
Thor,"Peggy Carter (voix, non créditée)"
Thor,un agent du S.H.I.E.L.D.
Thor,Dubbing Brothers[1]
Thor,Hervé Bellon
Natasha Romanoff / Black Widow,Clint Barton / Hawkeye
Natasha Romanoff / Black Widow,Loki
Natasha Romanoff / Black Widow,"Maria Hill, agent du SHIELD"
Natasha Romanoff / Black Widow,Dr Erik Selvig
Natasha Romanoff / Black Widow,Hulk (voix originale)
Natasha Romanoff / Black Widow,une membre du Conseil de sécurité mondiale
Natasha Romanoff / Black Widow,Georgi Luchkov
Natasha Romanoff / Black Widow,l'Autre
Natasha Romanoff / Black Widow,le gardien du hangar détruit
Natasha Romanoff / Black Widow,"JARVIS, l'ordinateur-assistant de Tony Stark (voix)"
Natasha Romanoff / Black Widow,l'agent Jasper Sitwell
Natasha Romanoff / Black Widow,"Gideon Malick, un membre du Conseil de sécurité mondiale"
Natasha Romanoff / Black Widow,Beth
Natasha Romanoff / Black Widow,un homme critiquant les Avengers en interview (caméo)
Natasha Romanoff / Black Widow,"Thanos (caméo, scène inter-générique)"
Natasha Romanoff / Black Widow,"Jane Foster (caméo photographique, non créditée)"
Natasha Romanoff / Black Widow,"Crâne rouge (flashback, non crédité)"
Natasha Romanoff / Black Widow,"Peggy Carter (voix, non créditée)"
Natasha Romanoff / Black Widow,un agent du S.H.I.E.L.D.
Natasha Romanoff / Black Widow,Dubbing Brothers[1]
Natasha Romanoff / Black Widow,Hervé Bellon
Clint Barton / Hawkeye,Loki
Clint Barton / Hawkeye,"Maria Hill, agent du SHIELD"
Clint Barton / Hawkeye,Dr Erik Selvig
Clint Barton / Hawkeye,Hulk (voix originale)
Clint Barton / Hawkeye,une membre du Conseil de sécurité mondiale
Clint Barton / Hawkeye,Georgi Luchkov
Clint Barton / Hawkeye,l'Autre
Clint Barton / Hawkeye,le gardien du hangar détruit
Clint Barton / Hawkeye,"JARVIS, l'ordinateur-assistant de Tony Stark (voix)"
Clint Barton / Hawkeye,l'agent Jasper Sitwell
Clint Barton / Hawkeye,"Gideon Malick, un membre du Conseil de sécurité mondiale"
Clint Barton / Hawkeye,Beth
Clint Barton / Hawkeye,un homme critiquant les Avengers en interview (caméo)
Clint Barton / Hawkeye,"Thanos (caméo, scène inter-générique)"
Clint Barton / Hawkeye,"Jane Foster (caméo photographique, non créditée)"
Clint Barton / Hawkeye,"Crâne rouge (flashback, non crédité)"
Clint Barton / Hawkeye,"Peggy Carter (voix, non créditée)"
Clint Barton / Hawkeye,un agent du S.H.I.E.L.D.
Clint Barton / Hawkeye,Dubbing Brothers[1]
Clint Barton / Hawkeye,Hervé Bellon
Loki,"Maria Hill, agent du SHIELD"
Loki,Dr Erik Selvig
Loki,Hulk (voix originale)
Loki,une membre du Conseil de sécurité mondiale
Loki,Georgi Luchkov
Loki,l'Autre
Loki,le gardien du hangar détruit
Loki,"JARVIS, l'ordinateur-assistant de Tony Stark (voix)"
Loki,l'agent Jasper Sitwell
Loki,"Gideon Malick, un membre du Conseil de sécurité mondiale"
Loki,Beth
Loki,un homme critiquant les Avengers en interview (caméo)
Loki,"Thanos (caméo, scène inter-générique)"
Loki,"Jane Foster (caméo photographique, non créditée)"
Loki,"Crâne rouge (flashback, non crédité)"
Loki,"Peggy Carter (voix, non créditée)"
Loki,un agent du S.H.I.E.L.D.
Loki,Dubbing Brothers[1]
Loki,Hervé Bellon
"Maria Hill, agent du SHIELD",Dr Erik Selvig
"Maria Hill, agent du SHIELD",Hulk (voix originale)
"Maria Hill, agent du SHIELD",une membre du Conseil de sécurité mondiale
"Maria Hill, agent du SHIELD",Georgi Luchkov
"Maria Hill, agent du SHIELD",l'Autre
"Maria Hill, agent du SHIELD",le gardien du hangar détruit
"Maria Hill, agent du SHIELD","JARVIS, l'ordinateur-assistant de Tony Stark (voix)"
"Maria Hill, agent du SHIELD",l'agent Jasper Sitwell
"Maria Hill, agent du SHIELD","Gideon Malick, un membre du Conseil de sécurité mondiale"
"Maria Hill, agent du SHIELD",Beth
"Maria Hill, agent du SHIELD",un homme critiquant les Avengers en interview (caméo)
"Maria Hill, agent du SHIELD","Thanos (caméo, scène inter-générique)"
"Maria Hill, agent du SHIELD","Jane Foster (caméo photographique, non créditée)"
"Maria Hill, agent du SHIELD","Crâne rouge (flashback, non crédité)"
"Maria Hill, agent du SHIELD","Peggy Carter (voix, non créditée)"
"Maria Hill, agent du SHIELD",un agent du S.H.I.E.L.D.
"Maria Hill, agent du SHIELD",Dubbing Brothers[1]
"Maria Hill, agent du SHIELD",Hervé Bellon
Dr Erik Selvig,Hulk (voix originale)
Dr Erik Selvig,une membre du Conseil de sécurité mondiale
Dr Erik Selvig,Georgi Luchkov
Dr Erik Selvig,l'Autre
Dr Erik Selvig,le gardien du hangar détruit
Dr Erik Selvig,"JARVIS, l'ordinateur-assistant de Tony Stark (voix)"
Dr Erik Selvig,l'agent Jasper Sitwell
Dr Erik Selvig,"Gideon Malick, un membre du Conseil de sécurité mondiale"
Dr Erik Selvig,Beth
Dr Erik Selvig,un homme critiquant les Avengers en interview (caméo)
Dr Erik Selvig,"Thanos (caméo, scène inter-générique)"
Dr Erik Selvig,"Jane Foster (caméo photographique, non créditée)"
Dr Erik Selvig,"Crâne rouge (flashback, non crédité)"
Dr Erik Selvig,"Peggy Carter (voix, non créditée)"
Dr Erik Selvig,un agent du S.H.I.E.L.D.
Dr Erik Selvig,Dubbing Brothers[1]
Dr Erik Selvig,Hervé Bellon
Hulk (voix originale),une membre du Conseil de sécurité mondiale
Hulk (voix originale),Georgi Luchkov
Hulk (voix originale),l'Autre
Hulk (voix originale),le gardien du hangar détruit
Hulk (voix originale),"JARVIS, l'ordinateur-assistant de Tony Stark (voix)"
Hulk (voix originale),l'agent Jasper Sitwell
Hulk (voix originale),"Gideon Malick, un membre du Conseil de sécurité mondiale"
Hulk (voix originale),Beth
Hulk (voix originale),un homme critiquant les Avengers en interview (caméo)
Hulk (voix originale),"Thanos (caméo, scène inter-générique)"
Hulk (voix originale),"Jane Foster (caméo photographique, non créditée)"
Hulk (voix originale),"Crâne rouge (flashback, non crédité)"
Hulk (voix originale),"Peggy Carter (voix, non créditée)"
Hulk (voix originale),un agent du S.H.I.E.L.D.
Hulk (voix originale),Dubbing Brothers[1]
Hulk (voix originale),Hervé Bellon
une membre du Conseil de sécurité mondiale,Georgi Luchkov
une membre du Conseil de sécurité mondiale,l'Autre
une membre du Conseil de sécurité mondiale,le gardien du hangar détruit
une membre du Conseil de sécurité mondiale,"JARVIS, l'ordinateur-assistant de Tony Stark (voix)"
une membre du Conseil de sécurité mondiale,l'agent Jasper Sitwell
une membre du Conseil de sécurité mondiale,"Gideon Malick, un membre du Conseil de sécurité mondiale"
une membre du Conseil de sécurité mondiale,Beth
une membre du Conseil de sécurité mondiale,un homme critiquant les Avengers en interview (caméo)
une membre du Conseil de sécurité mondiale,"Thanos (caméo, scène inter-générique)"
une membre du Conseil de sécurité mondiale,"Jane Foster (caméo photographique, non créditée)"
une membre du Conseil de sécurité mondiale,"Crâne rouge (flashback, non crédité)"
une membre du Conseil de sécurité mondiale,"Peggy Carter (voix, non créditée)"
une membre du Conseil de sécurité mondiale,un agent du S.H.I.E.L.D.
une membre du Conseil de sécurité mondiale,Dubbing Brothers[1]
une membre du Conseil de sécurité mondiale,Hervé Bellon
Georgi Luchkov,l'Autre
Georgi Luchkov,le gardien du hangar détruit
Georgi Luchkov,"JARVIS, l'ordinateur-assistant de Tony Stark (voix)"
Georgi Luchkov,l'agent Jasper Sitwell
Georgi Luchkov,"Gideon Malick, un membre du Conseil de sécurité mondiale"
Georgi Luchkov,Beth
Georgi Luchkov,un homme critiquant les Avengers en interview (caméo)
Georgi Luchkov,"Thanos (caméo, scène inter-générique)"
Georgi Luchkov,"Jane Foster (caméo photographique, non créditée)"
Georgi Luchkov,"Crâne rouge (flashback, non crédité)"
Georgi Luchkov,"Peggy Carter (voix, non créditée)"
Georgi Luchkov,un agent du S.H.I.E.L.D.
Georgi Luchkov,Dubbing Brothers[1]
Georgi Luchkov,Hervé Bellon
l'Autre,le gardien du hangar détruit
l'Autre,"JARVIS, l'ordinateur-assistant de Tony Stark (voix)"
l'Autre,l'agent Jasper Sitwell
l'Autre,"Gideon Malick, un membre du Conseil de sécurité mondiale"
l'Autre,Beth
l'Autre,un homme critiquant les Avengers en interview (caméo)
l'Autre,"Thanos (caméo, scène inter-générique)"
l'Autre,"Jane Foster (caméo photographique, non créditée)"
l'Autre,"Crâne rouge (flashback, non crédité)"
l'Autre,"Peggy Carter (voix, non créditée)"
l'Autre,un agent du S.H.I.E.L.D.
l'Autre,Dubbing Brothers[1]
l'Autre,Hervé Bellon
le gardien du hangar détruit,"JARVIS, l'ordinateur-assistant de Tony Stark (voix)"
le gardien du hangar détruit,l'agent Jasper Sitwell
le gardien du hangar détruit,"Gideon Malick, un membre du Conseil de sécurité mondiale"
le gardien du hangar détruit,Beth
le gardien du hangar détruit,un homme critiquant les Avengers en interview (caméo)
le gardien du hangar détruit,"Thanos (caméo, scène inter-générique)"
le gardien du hangar détruit,"Jane Foster (caméo photographique, non créditée)"
le gardien du hangar détruit,"Crâne rouge (flashback, non crédité)"
le gardien du hangar détruit,"Peggy Carter (voix, non créditée)"
le gardien du hangar détruit,un agent du S.H.I.E.L.D.
le gardien du hangar détruit,Dubbing Brothers[1]
le gardien du hangar détruit,Hervé Bellon
"JARVIS, l'ordinateur-assistant de Tony Stark (voix)",l'agent Jasper Sitwell
"JARVIS, l'ordinateur-assistant de Tony Stark (voix)","Gideon Malick, un membre du Conseil de sécurité mondiale"
"JARVIS, l'ordinateur-assistant de Tony Stark (voix)",Beth
"JARVIS, l'ordinateur-assistant de Tony Stark (voix)",un homme critiquant les Avengers en interview (caméo)
"JARVIS, l'ordinateur-assistant de Tony Stark (voix)","Thanos (caméo, scène inter-générique)"
"JARVIS, l'ordinateur-assistant de Tony Stark (voix)","Jane Foster (caméo photographique, non créditée)"
"JARVIS, l'ordinateur-assistant de Tony Stark (voix)","Crâne rouge (flashback, non crédité)"
"JARVIS, l'ordinateur-assistant de Tony Stark (voix)","Peggy Carter (voix, non créditée)"
"JARVIS, l'ordinateur-assistant de Tony Stark (voix)",un agent du S.H.I.E.L.D.
"JARVIS, l'ordinateur-assistant de Tony Stark (voix)",Dubbing Brothers[1]
"JARVIS, l'ordinateur-assistant de Tony Stark (voix)",Hervé Bellon
l'agent Jasper Sitwell,"Gideon Malick, un membre du Conseil de sécurité mondiale"
l'agent Jasper Sitwell,Beth
l'agent Jasper Sitwell,un homme critiquant les Avengers en interview (caméo)
l'agent Jasper Sitwell,"Thanos (caméo, scène inter-générique)"
l'agent Jasper Sitwell,"Jane Foster (caméo photographique, non créditée)"
l'agent Jasper Sitwell,"Crâne rouge (flashback, non crédité)"
l'agent Jasper Sitwell,"Peggy Carter (voix, non créditée)"
l'agent Jasper Sitwell,un agent du S.H.I.E.L.D.
l'agent Jasper Sitwell,Dubbing Brothers[1]
l'agent Jasper Sitwell,Hervé Bellon
"Gideon Malick, un membre du Conseil de sécurité mondiale",Beth
"Gideon Malick, un membre du Conseil de sécurité mondiale",un homme critiquant les Avengers en interview (caméo)
"Gideon Malick, un membre du Conseil de sécurité mondiale","Thanos (caméo, scène inter-générique)"
"Gideon Malick, un membre du Conseil de sécurité mondiale","Jane Foster (caméo photographique, non créditée)"
"Gideon Malick, un membre du Conseil de sécurité mondiale","Crâne rouge (flashback, non crédité)"
"Gideon Malick, un membre du Conseil de sécurité mondiale","Peggy Carter (voix, non créditée)"
"Gideon Malick, un membre du Conseil de sécurité mondiale",un agent du S.H.I.E.L.D.
"Gideon Malick, un membre du Conseil de sécurité mondiale",Dubbing Brothers[1]
"Gideon Malick, un membre du Conseil de sécurité mondiale",Hervé Bellon
Beth,un homme critiquant les Avengers en interview (caméo)
Beth,"Thanos (caméo, scène inter-générique)"
Beth,"Jane Foster (caméo photographique, non créditée)"
Beth,"Crâne rouge (flashback, non crédité)"
Beth,"Peggy Carter (voix, non créditée)"
Beth,un agent du S.H.I.E.L.D.
Beth,Dubbing Brothers[1]
Beth,Hervé Bellon
un homme critiquant les Avengers en interview (caméo),"Thanos (caméo, scène inter-générique)"
un homme critiquant les Avengers en interview (caméo),"Jane Foster (caméo photographique, non créditée)"
un homme critiquant les Avengers en interview (caméo),"Crâne rouge (flashback, non crédité)"
un homme critiquant les Avengers en interview (caméo),"Peggy Carter (voix, non créditée)"
un homme critiquant les Avengers en interview (caméo),un agent du S.H.I.E.L.D.
un homme critiquant les Avengers en interview (caméo),Dubbing Brothers[1]
un homme critiquant les Avengers en interview (caméo),Hervé Bellon
"Thanos (caméo, scène inter-générique)","Jane Foster (caméo photographique, non créditée)"
"Thanos (caméo, scène inter-générique)","Crâne rouge (flashback, non crédité)"
"Thanos (caméo, scène inter-générique)","Peggy Carter (voix, non créditée)"
"Thanos (caméo, scène inter-générique)",un agent du S.H.I.E.L.D.
"Thanos (caméo, scène inter-générique)",Dubbing Brothers[1]
"Thanos (caméo, scène inter-générique)",Hervé Bellon
"Jane Foster (caméo photographique, non créditée)","Crâne rouge (flashback, non crédité)"
"Jane Foster (caméo photographique, non créditée)","Peggy Carter (voix, non créditée)"
"Jane Foster (caméo photographique, non créditée)",un agent du S.H.I.E.L.D.
"Jane Foster (caméo photographique, non créditée)",Dubbing Brothers[1]
"Jane Foster (caméo photographique, non créditée)",Hervé Bellon
"Crâne rouge (flashback, non crédité)","Peggy Carter (voix, non créditée)"
"Crâne rouge (flashback, non crédité)",un agent du S.H.I.E.L.D.
"Crâne rouge (flashback, non crédité)",Dubbing Brothers[1]
"Crâne rouge (flashback, non crédité)",Hervé Bellon
"Peggy Carter (voix, non créditée)",un agent du S.H.I.E.L.D.
"Peggy Carter (voix, non créditée)",Dubbing Brothers[1]
"Peggy Carter (voix, non créditée)",Hervé Bellon
un agent du S.H.I.E.L.D.,Dubbing Brothers[1]
un agent du S.H.I.E.L.D.,Hervé Bellon
Dubbing Brothers[1],Hervé Bellon
